source_path,historical_source_path,current_source_path,central_path,sha256,bytes,format,theme,theme_label,figure_id,source_family,status,qualification,title,origin_policy
Dissertation_figures/alanine/ala_conformers.gif,Dissertation_figures/alanine/ala_conformers.gif,graveyard/references/Dissertation_figures/alanine/ala_conformers.gif,02_alanine_and_conformations/dissertation-alanine__ala_conformers.gif,99e0de77dbd1442a1716e32e1882ef2245a2979c4a4aa18566741edb9ab0154d,15138851,gif,02_alanine_and_conformations,Alanine and conformations,,inherited-dissertation,Historical source; approval/provenance varies,"Alanine orientation, improper torsion and coordinate illustrations. F10 reproduces the 438,986-structure population and modes; it does not assign absolute stereochemistry, equilibrium or stability. Historical producer code and original labels are retained with the full dissertation source tree.",ala conformers,Catalog copy; source remains authoritative
Dissertation_figures/cxhy/c5h12_covariance.png,Dissertation_figures/cxhy/c5h12_covariance.png,graveyard/references/Dissertation_figures/cxhy/c5h12_covariance.png,90_historical_and_other_context/dissertation-cxhy__c5h12_covariance.png,53d1ca402c46beae9d10ac921d60ed4b9c3687ad8c7451e4c05a8bf134b04363,347485,png,90_historical_and_other_context,Historical and other context,,inherited-dissertation,Historical source; approval/provenance varies,Retained dissertation/ANI/model-context figures and retired HTML views. Their original scope is preserved; they are not automatically current Early Earth manuscript evidence. Historical producer code and original labels are retained with the full dissertation source tree.,c5h12 covariance,Catalog copy; source remains authoritative
Dissertation_figures/cxhy/c5h12_covariance_golden_orange_adjusted.png,Dissertation_figures/cxhy/c5h12_covariance_golden_orange_adjusted.png,graveyard/references/Dissertation_figures/cxhy/c5h12_covariance_golden_orange_adjusted.png,90_historical_and_other_context/dissertation-cxhy__c5h12_covariance_golden_orange_adjusted.png,28aa58e55909e693ee0a77653a876759cac2a92f3636ab7491c79c5c5ce5354d,137483,png,90_historical_and_other_context,Historical and other context,,inherited-dissertation,Historical source; approval/provenance varies,Retained dissertation/ANI/model-context figures and retired HTML views. Their original scope is preserved; they are not automatically current Early Earth manuscript evidence. Historical producer code and original labels are retained with the full dissertation source tree.,c5h12 covariance golden orange adjusted,Catalog copy; source remains authoritative
Dissertation_figures/cxhy/c5h12_covariance_old.png,Dissertation_figures/cxhy/c5h12_covariance_old.png,graveyard/references/Dissertation_figures/cxhy/c5h12_covariance_old.png,90_historical_and_other_context/dissertation-cxhy__c5h12_covariance_old.png,cd7d4032c04384f63ecd1da17e119a2f9f714900c3214d29a8a83d92dd1bc765,51172,png,90_historical_and_other_context,Historical and other context,,inherited-dissertation,Historical source; approval/provenance varies,Retained dissertation/ANI/model-context figures and retired HTML views. Their original scope is preserved; they are not automatically current Early Earth manuscript evidence. Historical producer code and original labels are retained with the full dissertation source tree.,c5h12 covariance old,Catalog copy; source remains authoritative
Dissertation_figures/cxhy/ch4.png,Dissertation_figures/cxhy/ch4.png,graveyard/references/Dissertation_figures/cxhy/ch4.png,90_historical_and_other_context/dissertation-cxhy__ch4.png,b0755e00ea5bd03ea592293f305a51281c3e66f39e918aa023433855df844288,115584,png,90_historical_and_other_context,Historical and other context,,inherited-dissertation,Historical source; approval/provenance varies,Retained dissertation/ANI/model-context figures and retired HTML views. Their original scope is preserved; they are not automatically current Early Earth manuscript evidence. Historical producer code and original labels are retained with the full dissertation source tree.,ch4,Catalog copy; source remains authoritative
Dissertation_figures/cxhy/ch4_covariance.png,Dissertation_figures/cxhy/ch4_covariance.png,graveyard/references/Dissertation_figures/cxhy/ch4_covariance.png,90_historical_and_other_context/dissertation-cxhy__ch4_covariance.png,c7e00b0bbd2f19fa26589cda9d7939d4f9ce8ba381c660963bf265aa6ae1859f,52323,png,90_historical_and_other_context,Historical and other context,,inherited-dissertation,Historical source; approval/provenance varies,Retained dissertation/ANI/model-context figures and retired HTML views. Their original scope is preserved; they are not automatically current Early Earth manuscript evidence. Historical producer code and original labels are retained with the full dissertation source tree.,ch4 covariance,Catalog copy; source remains authoritative
Dissertation_figures/cxhy/ch4_covariance_golden_orange.png,Dissertation_figures/cxhy/ch4_covariance_golden_orange.png,graveyard/references/Dissertation_figures/cxhy/ch4_covariance_golden_orange.png,90_historical_and_other_context/dissertation-cxhy__ch4_covariance_golden_orange.png,1f49bd9e4b7903969f1c7af5cb8557ceba8d54dea8c06010a6c562731b74a43d,27515,png,90_historical_and_other_context,Historical and other context,,inherited-dissertation,Historical source; approval/provenance varies,Retained dissertation/ANI/model-context figures and retired HTML views. Their original scope is preserved; they are not automatically current Early Earth manuscript evidence. Historical producer code and original labels are retained with the full dissertation source tree.,ch4 covariance golden orange,Catalog copy; source remains authoritative
Dissertation_figures/cxhy/ch4_covariance_old.png,Dissertation_figures/cxhy/ch4_covariance_old.png,graveyard/references/Dissertation_figures/cxhy/ch4_covariance_old.png,90_historical_and_other_context/dissertation-cxhy__ch4_covariance_old.png,b5c30693021aefde430e06abf7ad2f8be13dcdf1aa8036ab6c2880275d5c210a,35959,png,90_historical_and_other_context,Historical and other context,,inherited-dissertation,Historical source; approval/provenance varies,Retained dissertation/ANI/model-context figures and retired HTML views. Their original scope is preserved; they are not automatically current Early Earth manuscript evidence. Historical producer code and original labels are retained with the full dissertation source tree.,ch4 covariance old,Catalog copy; source remains authoritative
Dissertation_figures/cxhy/cov_c5h12_labeled.png,Dissertation_figures/cxhy/cov_c5h12_labeled.png,graveyard/references/Dissertation_figures/cxhy/cov_c5h12_labeled.png,90_historical_and_other_context/dissertation-cxhy__cov_c5h12_labeled.png,87f1589ade9f71142703c14ce3d3361c1742293912cce2ecf923581c18c9f6ef,557074,png,90_historical_and_other_context,Historical and other context,,inherited-dissertation,Historical source; approval/provenance varies,Retained dissertation/ANI/model-context figures and retired HTML views. Their original scope is preserved; they are not automatically current Early Earth manuscript evidence. Historical producer code and original labels are retained with the full dissertation source tree.,cov c5h12 labeled,Catalog copy; source remains authoritative
Dissertation_figures/cxhy/cov_ch4_labeled.png,Dissertation_figures/cxhy/cov_ch4_labeled.png,graveyard/references/Dissertation_figures/cxhy/cov_ch4_labeled.png,90_historical_and_other_context/dissertation-cxhy__cov_ch4_labeled.png,788ac96f39f048a149da01b47d753f6089b434acf67831bd3f1e08c2f696366d,152047,png,90_historical_and_other_context,Historical and other context,,inherited-dissertation,Historical source; approval/provenance varies,Retained dissertation/ANI/model-context figures and retired HTML views. Their original scope is preserved; they are not automatically current Early Earth manuscript evidence. Historical producer code and original labels are retained with the full dissertation source tree.,cov ch4 labeled,Catalog copy; source remains authoritative
Dissertation_figures/early_earth/228.gif,Dissertation_figures/early_earth/228.gif,graveyard/references/Dissertation_figures/early_earth/228.gif,07_development_systems/dissertation-early_earth__228.gif,fd6fb004dba461fe0f1dd88dd238982443a73d40cf5fb3b3e7fe5149fd125659,45101545,gif,07_development_systems,Development systems,,inherited-dissertation,Historical source; approval/provenance varies,"228/228k starting and evolved system views. Figure S1 provides illustrative development context, not molecular-identification evidence. Historical producer code and original labels are retained with the full dissertation source tree.",228,Catalog copy; source remains authoritative
Dissertation_figures/early_earth/228_kin_e.png,Dissertation_figures/early_earth/228_kin_e.png,graveyard/references/Dissertation_figures/early_earth/228_kin_e.png,01_energy_evolution/dissertation-early_earth__228_kin_e.png,aa28ce3900fbb95249f2ecc574d2a912741057a198c2cf5d6d3db5347855fc7a,63974,png,01_energy_evolution,Energy evolution,,inherited-dissertation,Historical source; approval/provenance varies,"Energetic evolution through heating, the high-temperature interval and cooling. F09 is source-bound, but the historical displayed-axis transformation remains unresolved; do not compare it numerically with reconstructed raw totals. Historical producer code and original labels are retained with the full dissertation source tree.",228 kin e,Catalog copy; source remains authoritative
Dissertation_figures/early_earth/228_pot_eng.png,Dissertation_figures/early_earth/228_pot_eng.png,graveyard/references/Dissertation_figures/early_earth/228_pot_eng.png,01_energy_evolution/dissertation-early_earth__228_pot_eng.png,e2e2fa11f195761688f5f48e031079fc4acb24732b36849564b818ca0a0dcdb2,137849,png,01_energy_evolution,Energy evolution,F09,inherited-dissertation,Historical source; approval/provenance varies,"Energetic evolution through heating, the high-temperature interval and cooling. F09 is source-bound, but the historical displayed-axis transformation remains unresolved; do not compare it numerically with reconstructed raw totals. Historical producer code and original labels are retained with the full dissertation source tree.",228 pot eng,Catalog copy; source remains authoritative
Dissertation_figures/early_earth/228_tot_eng.png,Dissertation_figures/early_earth/228_tot_eng.png,graveyard/references/Dissertation_figures/early_earth/228_tot_eng.png,01_energy_evolution/dissertation-early_earth__228_tot_eng.png,ece74b7025f43a242090ca651d86e50d51ec32e48b64a46c57b760cec9cc4dae,115884,png,01_energy_evolution,Energy evolution,,inherited-dissertation,Historical source; approval/provenance varies,"Energetic evolution through heating, the high-temperature interval and cooling. F09 is source-bound, but the historical displayed-axis transformation remains unresolved; do not compare it numerically with reconstructed raw totals. Historical producer code and original labels are retained with the full dissertation source tree.",228 tot eng,Catalog copy; source remains authoritative
Dissertation_figures/early_earth/96_atom_2d.png,Dissertation_figures/early_earth/96_atom_2d.png,graveyard/references/Dissertation_figures/early_earth/96_atom_2d.png,04_quench_and_fragment_size/dissertation-early_earth__96_atom_2d.png,1c71589cf9d1f4e7016009633f7de8191300c45ef7ac6a560223c8c8daf3d320,205812,png,04_quench_and_fragment_size,Quench and fragment size,,inherited-dissertation,Historical source; approval/provenance varies,"Paired hot/quench sizes and connectivity examples, including heavy-atom alternatives. Production endpoints are independent 25-fs quenches; historical shared-412 comparisons use 250-fs endpoints. Author selection remains open. Historical producer code and original labels are retained with the full dissertation source tree.",96 atom 2d,Catalog copy; source remains authoritative
Dissertation_figures/early_earth/96atom.jpg,Dissertation_figures/early_earth/96atom.jpg,graveyard/references/Dissertation_figures/early_earth/96atom.jpg,04_quench_and_fragment_size/dissertation-early_earth__96atom.jpg,03947e1f7297a0d56e6ec20728ad8a7d435028f1cd8817708606dcb33a652d39,40085,jpg,04_quench_and_fragment_size,Quench and fragment size,,inherited-dissertation,Historical source; approval/provenance varies,"Paired hot/quench sizes and connectivity examples, including heavy-atom alternatives. Production endpoints are independent 25-fs quenches; historical shared-412 comparisons use 250-fs endpoints. Author selection remains open. Historical producer code and original labels are retained with the full dissertation source tree.",96atom,Catalog copy; source remains authoritative
Dissertation_figures/early_earth/96atom_quench.jpg,Dissertation_figures/early_earth/96atom_quench.jpg,graveyard/references/Dissertation_figures/early_earth/96atom_quench.jpg,04_quench_and_fragment_size/dissertation-early_earth__96atom_quench.jpg,f05303f6c3c34f85240a33ab647d0c91936d0120ed8d5327fe7ca43c54f8e2f3,27496,jpg,04_quench_and_fragment_size,Quench and fragment size,,inherited-dissertation,Historical source; approval/provenance varies,"Paired hot/quench sizes and connectivity examples, including heavy-atom alternatives. Production endpoints are independent 25-fs quenches; historical shared-412 comparisons use 250-fs endpoints. Author selection remains open. Historical producer code and original labels are retained with the full dissertation source tree.",96atom quench,Catalog copy; source remains authoritative
Dissertation_figures/early_earth/alanine.png,Dissertation_figures/early_earth/alanine.png,graveyard/references/Dissertation_figures/early_earth/alanine.png,02_alanine_and_conformations/dissertation-early_earth__alanine.png,34daaa83ad8e51eee84f2346ee2accdb72bb5c7cedcf8a25719a23b7d766aa28,127122,png,02_alanine_and_conformations,Alanine and conformations,,inherited-dissertation,Historical source; approval/provenance varies,"Alanine orientation, improper torsion and coordinate illustrations. F10 reproduces the 438,986-structure population and modes; it does not assign absolute stereochemistry, equilibrium or stability. Historical producer code and original labels are retained with the full dissertation source tree.",alanine,Catalog copy; source remains authoritative
Dissertation_figures/early_earth/alanine_dihedrals_updated.png,Dissertation_figures/early_earth/alanine_dihedrals_updated.png,graveyard/references/Dissertation_figures/early_earth/alanine_dihedrals_updated.png,02_alanine_and_conformations/dissertation-early_earth__alanine_dihedrals_updated.png,39aa8c98e718244268d8eba35e45c6aeba7826a4bf789f45957d2b17587d939d,145213,png,02_alanine_and_conformations,Alanine and conformations,F10,inherited-dissertation,Historical source; approval/provenance varies,"Alanine orientation, improper torsion and coordinate illustrations. F10 reproduces the 438,986-structure population and modes; it does not assign absolute stereochemistry, equilibrium or stability. Historical producer code and original labels are retained with the full dissertation source tree.",alanine dihedrals updated,Catalog copy; source remains authoritative
Dissertation_figures/early_earth/alanine_shaded.png,Dissertation_figures/early_earth/alanine_shaded.png,graveyard/references/Dissertation_figures/early_earth/alanine_shaded.png,02_alanine_and_conformations/dissertation-early_earth__alanine_shaded.png,8272a1e580a6569dae9db459a101e9b4b0391955438944a36b3b3eae39f793cf,32950,png,02_alanine_and_conformations,Alanine and conformations,,inherited-dissertation,Historical source; approval/provenance varies,"Alanine orientation, improper torsion and coordinate illustrations. F10 reproduces the 438,986-structure population and modes; it does not assign absolute stereochemistry, equilibrium or stability. Historical producer code and original labels are retained with the full dissertation source tree.",alanine shaded,Catalog copy; source remains authoritative
Dissertation_figures/early_earth/dihedral_alanine.png,Dissertation_figures/early_earth/dihedral_alanine.png,graveyard/references/Dissertation_figures/early_earth/dihedral_alanine.png,02_alanine_and_conformations/dissertation-early_earth__dihedral_alanine.png,504deae41e9da0c6f3e003c2bdf418088ce44942799de5fc11d59fb55bf5fc14,900478,png,02_alanine_and_conformations,Alanine and conformations,F10,inherited-dissertation,Historical source; approval/provenance varies,"Alanine orientation, improper torsion and coordinate illustrations. F10 reproduces the 438,986-structure population and modes; it does not assign absolute stereochemistry, equilibrium or stability. Historical producer code and original labels are retained with the full dissertation source tree.",dihedral alanine,Catalog copy; source remains authoritative
Dissertation_figures/early_earth/figures/adjusted_largest_mol_vs_time.png,Dissertation_figures/early_earth/figures/adjusted_largest_mol_vs_time.png,graveyard/references/Dissertation_figures/early_earth/figures/adjusted_largest_mol_vs_time.png,04_quench_and_fragment_size/dissertation-early_earth-figures__adjusted_largest_mol_vs_time.png,c3423e0416e30a8e17e732147d801a3de5447f6d7fc463522159e187873181ff,1104076,png,04_quench_and_fragment_size,Quench and fragment size,,inherited-dissertation,Historical source; approval/provenance varies,"Paired hot/quench sizes and connectivity examples, including heavy-atom alternatives. Production endpoints are independent 25-fs quenches; historical shared-412 comparisons use 250-fs endpoints. Author selection remains open. Historical producer code and original labels are retained with the full dissertation source tree.",adjusted largest mol vs time,Catalog copy; source remains authoritative
Dissertation_figures/early_earth/figures/avg_mol_over_time_more_bins.png,Dissertation_figures/early_earth/figures/avg_mol_over_time_more_bins.png,graveyard/references/Dissertation_figures/early_earth/figures/avg_mol_over_time_more_bins.png,04_quench_and_fragment_size/dissertation-early_earth-figures__avg_mol_over_time_more_bins.png,fea9f6e07a0e9e0fd2829e2f2f4e81e313f28b520f1dc0731678247dcfdaa1fd,296544,png,04_quench_and_fragment_size,Quench and fragment size,,inherited-dissertation,Historical source; approval/provenance varies,"Paired hot/quench sizes and connectivity examples, including heavy-atom alternatives. Production endpoints are independent 25-fs quenches; historical shared-412 comparisons use 250-fs endpoints. Author selection remains open. Historical producer code and original labels are retained with the full dissertation source tree.",avg mol over time more bins,Catalog copy; source remains authoritative
Dissertation_figures/early_earth/figures/avg_mol_time.png,Dissertation_figures/early_earth/figures/avg_mol_time.png,graveyard/references/Dissertation_figures/early_earth/figures/avg_mol_time.png,04_quench_and_fragment_size/dissertation-early_earth-figures__avg_mol_time.png,7e46076e0ac500919924a3aa1fc2b7ee5b4c2abc3cf278ec177ebd519acf6c42,287743,png,04_quench_and_fragment_size,Quench and fragment size,,inherited-dissertation,Historical source; approval/provenance varies,"Paired hot/quench sizes and connectivity examples, including heavy-atom alternatives. Production endpoints are independent 25-fs quenches; historical shared-412 comparisons use 250-fs endpoints. Author selection remains open. Historical producer code and original labels are retained with the full dissertation source tree.",avg mol time,Catalog copy; source remains authoritative
Dissertation_figures/early_earth/figures/counts_vs_time_CHHHH.png,Dissertation_figures/early_earth/figures/counts_vs_time_CHHHH.png,graveyard/references/Dissertation_figures/early_earth/figures/counts_vs_time_CHHHH.png,05_composition_recurrence_and_topology/dissertation-early_earth-figures__counts_vs_time_CHHHH.png,b4d19b557d22ccf9a78c6ad217860d6ab92388ae7e4814424aca590fd4b76934,21259,png,05_composition_recurrence_and_topology,"Composition, recurrence and topology",,inherited-dissertation,Historical source; approval/provenance varies,"Variety versus abundance, compositions, architecture, recurrence and topology motifs. Emitted strings, exact graphs and fragment occurrences have different denominators. F18 motifs are topology and clusters are browsing aids. Historical producer code and original labels are retained with the full dissertation source tree.",counts vs time CHHHH,Catalog copy; source remains authoritative
Dissertation_figures/early_earth/figures/counts_vs_time_CHN.png,Dissertation_figures/early_earth/figures/counts_vs_time_CHN.png,graveyard/references/Dissertation_figures/early_earth/figures/counts_vs_time_CHN.png,05_composition_recurrence_and_topology/dissertation-early_earth-figures__counts_vs_time_CHN.png,3d5535f9a0c369936a2841ca774236dbcb1a5eef75e789779e6a8ecb23521645,30546,png,05_composition_recurrence_and_topology,"Composition, recurrence and topology",,inherited-dissertation,Historical source; approval/provenance varies,"Variety versus abundance, compositions, architecture, recurrence and topology motifs. Emitted strings, exact graphs and fragment occurrences have different denominators. F18 motifs are topology and clusters are browsing aids. Historical producer code and original labels are retained with the full dissertation source tree.",counts vs time CHN,Catalog copy; source remains authoritative
Dissertation_figures/early_earth/figures/hist2d_counts_natoms_highres.png,Dissertation_figures/early_earth/figures/hist2d_counts_natoms_highres.png,graveyard/references/Dissertation_figures/early_earth/figures/hist2d_counts_natoms_highres.png,04_quench_and_fragment_size/dissertation-early_earth-figures__hist2d_counts_natoms_highres.png,0ef75eafc3b0d10846a73c669eb7e8951e1f6a3608d2b353bc94bc120217f8da,107543,png,04_quench_and_fragment_size,Quench and fragment size,,inherited-dissertation,Historical source; approval/provenance varies,"Paired hot/quench sizes and connectivity examples, including heavy-atom alternatives. Production endpoints are independent 25-fs quenches; historical shared-412 comparisons use 250-fs endpoints. Author selection remains open. Historical producer code and original labels are retained with the full dissertation source tree.",hist2d counts natoms highres,Catalog copy; source remains authoritative
Dissertation_figures/early_earth/figures/richard_images/atom_count_histogram.png,Dissertation_figures/early_earth/figures/richard_images/atom_count_histogram.png,graveyard/references/Dissertation_figures/early_earth/figures/richard_images/atom_count_histogram.png,04_quench_and_fragment_size/dissertation-early_earth-figures-richard_images__atom_count_histogram.png,d5a49664561d22d939eb4c5e1334384f6fe266ce3202b819df157f26f5745d09,15327,png,04_quench_and_fragment_size,Quench and fragment size,,inherited-dissertation,Historical source; approval/provenance varies,"Paired hot/quench sizes and connectivity examples, including heavy-atom alternatives. Production endpoints are independent 25-fs quenches; historical shared-412 comparisons use 250-fs endpoints. Author selection remains open. Historical producer code and original labels are retained with the full dissertation source tree.",atom count histogram,Catalog copy; source remains authoritative
Dissertation_figures/early_earth/figures/richard_images/atom_count_histogram_log.png,Dissertation_figures/early_earth/figures/richard_images/atom_count_histogram_log.png,graveyard/references/Dissertation_figures/early_earth/figures/richard_images/atom_count_histogram_log.png,04_quench_and_fragment_size/dissertation-early_earth-figures-richard_images__atom_count_histogram_log.png,f75b9821743a0424ce6e923a044d7621acde9321358ceb7c9bdec250f00fe3ba,28802,png,04_quench_and_fragment_size,Quench and fragment size,,inherited-dissertation,Historical source; approval/provenance varies,"Paired hot/quench sizes and connectivity examples, including heavy-atom alternatives. Production endpoints are independent 25-fs quenches; historical shared-412 comparisons use 250-fs endpoints. Author selection remains open. Historical producer code and original labels are retained with the full dissertation source tree.",atom count histogram log,Catalog copy; source remains authoritative
Dissertation_figures/early_earth/figures/richard_images/atom_count_histogram_small.png,Dissertation_figures/early_earth/figures/richard_images/atom_count_histogram_small.png,graveyard/references/Dissertation_figures/early_earth/figures/richard_images/atom_count_histogram_small.png,04_quench_and_fragment_size/dissertation-early_earth-figures-richard_images__atom_count_histogram_small.png,f6f060e2024907606d448c2c6ef4b630e348a8a75fd3f0e1c520e8f51206a6c4,24151,png,04_quench_and_fragment_size,Quench and fragment size,,inherited-dissertation,Historical source; approval/provenance varies,"Paired hot/quench sizes and connectivity examples, including heavy-atom alternatives. Production endpoints are independent 25-fs quenches; historical shared-412 comparisons use 250-fs endpoints. Author selection remains open. Historical producer code and original labels are retained with the full dissertation source tree.",atom count histogram small,Catalog copy; source remains authoritative
Dissertation_figures/early_earth/figures/richard_images/atom_count_histogram_small_log.png,Dissertation_figures/early_earth/figures/richard_images/atom_count_histogram_small_log.png,graveyard/references/Dissertation_figures/early_earth/figures/richard_images/atom_count_histogram_small_log.png,04_quench_and_fragment_size/dissertation-early_earth-figures-richard_images__atom_count_histogram_small_log.png,37d2214f9622f276c2845ac803c6446897936518b84ab2fdd1a8d9892e15983e,26613,png,04_quench_and_fragment_size,Quench and fragment size,,inherited-dissertation,Historical source; approval/provenance varies,"Paired hot/quench sizes and connectivity examples, including heavy-atom alternatives. Production endpoints are independent 25-fs quenches; historical shared-412 comparisons use 250-fs endpoints. Author selection remains open. Historical producer code and original labels are retained with the full dissertation source tree.",atom count histogram small log,Catalog copy; source remains authoritative
Dissertation_figures/early_earth/figures/richard_images/average_atom_count_over_time.png,Dissertation_figures/early_earth/figures/richard_images/average_atom_count_over_time.png,graveyard/references/Dissertation_figures/early_earth/figures/richard_images/average_atom_count_over_time.png,04_quench_and_fragment_size/dissertation-early_earth-figures-richard_images__average_atom_count_over_time.png,730caf38ecfaac9d37c2909f278b02c3347503179b069f10d39996c0ebf652c0,24845,png,04_quench_and_fragment_size,Quench and fragment size,,inherited-dissertation,Historical source; approval/provenance varies,"Paired hot/quench sizes and connectivity examples, including heavy-atom alternatives. Production endpoints are independent 25-fs quenches; historical shared-412 comparisons use 250-fs endpoints. Author selection remains open. Historical producer code and original labels are retained with the full dissertation source tree.",average atom count over time,Catalog copy; source remains authoritative
Dissertation_figures/early_earth/figures/unique_signature_vs_time.png,Dissertation_figures/early_earth/figures/unique_signature_vs_time.png,graveyard/references/Dissertation_figures/early_earth/figures/unique_signature_vs_time.png,03_scale_discovery_and_sampling/dissertation-early_earth-figures__unique_signature_vs_time.png,198bf3758d2bdf66af3788e9730ed68ea1895e0498adc976193c29c6cef02922,100272,png,03_scale_discovery_and_sampling,"Scale, discovery and sampling",,inherited-dissertation,Historical source; approval/provenance varies,"Structural coverage, first detection and the effect of sampled cadence. Preserve distinct populations, normalization and restart boundaries; sampled recurrence is not lifetime. Historical producer code and original labels are retained with the full dissertation source tree.",unique signature vs time,Catalog copy; source remains authoritative
Dissertation_figures/early_earth/largest_mol.png,Dissertation_figures/early_earth/largest_mol.png,graveyard/references/Dissertation_figures/early_earth/largest_mol.png,04_quench_and_fragment_size/dissertation-early_earth__largest_mol.png,302cdd4e427a2448b3e76c7c7ce1070f6c68c5425d8119771d695371d7cf4fc4,185390,png,04_quench_and_fragment_size,Quench and fragment size,,inherited-dissertation,Historical source; approval/provenance varies,"Paired hot/quench sizes and connectivity examples, including heavy-atom alternatives. Production endpoints are independent 25-fs quenches; historical shared-412 comparisons use 250-fs endpoints. Author selection remains open. Historical producer code and original labels are retained with the full dissertation source tree.",largest mol,Catalog copy; source remains authoritative
Dissertation_figures/early_earth/molecule_flat.png,Dissertation_figures/early_earth/molecule_flat.png,graveyard/references/Dissertation_figures/early_earth/molecule_flat.png,05_composition_recurrence_and_topology/dissertation-early_earth__molecule_flat.png,ce3f9e2cb37cf6c0b88648c358f53d5d5f56a562938c7ff419c693a88f0c77e5,57400,png,05_composition_recurrence_and_topology,"Composition, recurrence and topology",,inherited-dissertation,Historical source; approval/provenance varies,"Variety versus abundance, compositions, architecture, recurrence and topology motifs. Emitted strings, exact graphs and fragment occurrences have different denominators. F18 motifs are topology and clusters are browsing aids. Historical producer code and original labels are retained with the full dissertation source tree.",molecule flat,Catalog copy; source remains authoritative
Dissertation_figures/early_earth/quench_analysis/gly-ala-before_after_quench.png,Dissertation_figures/early_earth/quench_analysis/gly-ala-before_after_quench.png,graveyard/references/Dissertation_figures/early_earth/quench_analysis/gly-ala-before_after_quench.png,04_quench_and_fragment_size/dissertation-early_earth-quench_analysis__gly-ala-before_after_quench.png,9c4fd523fd83ffd6856d1b033883322046c683905ffe23031fac6ad8255fc76d,68486,png,04_quench_and_fragment_size,Quench and fragment size,,inherited-dissertation,Historical source; approval/provenance varies,"Paired hot/quench sizes and connectivity examples, including heavy-atom alternatives. Production endpoints are independent 25-fs quenches; historical shared-412 comparisons use 250-fs endpoints. Author selection remains open. Historical producer code and original labels are retained with the full dissertation source tree.",gly-ala-before after quench,Catalog copy; source remains authoritative
Dissertation_figures/early_earth/quench_analysis/mol_before-after_quench.png,Dissertation_figures/early_earth/quench_analysis/mol_before-after_quench.png,graveyard/references/Dissertation_figures/early_earth/quench_analysis/mol_before-after_quench.png,04_quench_and_fragment_size/dissertation-early_earth-quench_analysis__mol_before-after_quench.png,f356b7df8c1ccb569356d4a5347d7df5ddaf8adef40a2b8baeb6b0be06d4112d,130786,png,04_quench_and_fragment_size,Quench and fragment size,,inherited-dissertation,Historical source; approval/provenance varies,"Paired hot/quench sizes and connectivity examples, including heavy-atom alternatives. Production endpoints are independent 25-fs quenches; historical shared-412 comparisons use 250-fs endpoints. Author selection remains open. Historical producer code and original labels are retained with the full dissertation source tree.",mol before-after quench,Catalog copy; source remains authoritative
Dissertation_figures/early_earth/quench_analysis/named_mols_before-after_quench.png,Dissertation_figures/early_earth/quench_analysis/named_mols_before-after_quench.png,graveyard/references/Dissertation_figures/early_earth/quench_analysis/named_mols_before-after_quench.png,04_quench_and_fragment_size/dissertation-early_earth-quench_analysis__named_mols_before-after_quench.png,ee71110a9f61cd189019db850f09e400635399b982caba953918b177cbb800fb,376713,png,04_quench_and_fragment_size,Quench and fragment size,,inherited-dissertation,Historical source; approval/provenance varies,"Paired hot/quench sizes and connectivity examples, including heavy-atom alternatives. Production endpoints are independent 25-fs quenches; historical shared-412 comparisons use 250-fs endpoints. Author selection remains open. Historical producer code and original labels are retained with the full dissertation source tree.",named mols before-after quench,Catalog copy; source remains authoritative
Dissertation_figures/early_earth/quench_analysis/new_415_quench_formula_vs_frame.png,Dissertation_figures/early_earth/quench_analysis/new_415_quench_formula_vs_frame.png,graveyard/references/Dissertation_figures/early_earth/quench_analysis/new_415_quench_formula_vs_frame.png,04_quench_and_fragment_size/dissertation-early_earth-quench_analysis__new_415_quench_formula_vs_frame.png,b8dfece0bd32ed37a9d8d9ef8e82a686934528d5cb148db6121bf187ef1ff063,186690,png,04_quench_and_fragment_size,Quench and fragment size,,inherited-dissertation,Historical source; approval/provenance varies,"Paired hot/quench sizes and connectivity examples, including heavy-atom alternatives. Production endpoints are independent 25-fs quenches; historical shared-412 comparisons use 250-fs endpoints. Author selection remains open. Historical producer code and original labels are retained with the full dissertation source tree.",new 415 quench formula vs frame,Catalog copy; source remains authoritative
Dissertation_figures/early_earth/quench_analysis/new_415_violins.png,Dissertation_figures/early_earth/quench_analysis/new_415_violins.png,graveyard/references/Dissertation_figures/early_earth/quench_analysis/new_415_violins.png,90_historical_and_other_context/dissertation-early_earth-quench_analysis__new_415_violins.png,3777b422b4bc6e50db67473915ec872abb571d121974ff82ac27debe6436570d,100478,png,90_historical_and_other_context,Historical and other context,,inherited-dissertation,Historical source; approval/provenance varies,Retained dissertation/ANI/model-context figures and retired HTML views. Their original scope is preserved; they are not automatically current Early Earth manuscript evidence. Historical producer code and original labels are retained with the full dissertation source tree.,new 415 violins,Catalog copy; source remains authoritative
Dissertation_figures/early_earth/quench_analysis/quench_formula_vs_frame.png,Dissertation_figures/early_earth/quench_analysis/quench_formula_vs_frame.png,graveyard/references/Dissertation_figures/early_earth/quench_analysis/quench_formula_vs_frame.png,04_quench_and_fragment_size/dissertation-early_earth-quench_analysis__quench_formula_vs_frame.png,e487625ac77dc9bd10d436a0d03f10125d090cd6bcd2ed6d00057715a3dc54bd,179774,png,04_quench_and_fragment_size,Quench and fragment size,,inherited-dissertation,Historical source; approval/provenance varies,"Paired hot/quench sizes and connectivity examples, including heavy-atom alternatives. Production endpoints are independent 25-fs quenches; historical shared-412 comparisons use 250-fs endpoints. Author selection remains open. Historical producer code and original labels are retained with the full dissertation source tree.",quench formula vs frame,Catalog copy; source remains authoritative
Dissertation_figures/early_earth/quench_analysis/updated_violins.png,Dissertation_figures/early_earth/quench_analysis/updated_violins.png,graveyard/references/Dissertation_figures/early_earth/quench_analysis/updated_violins.png,90_historical_and_other_context/dissertation-early_earth-quench_analysis__updated_violins.png,bc04dd65f818df9b3e3df85ea95f1aabebf6a113085e7f80a4a1270cca389d33,109328,png,90_historical_and_other_context,Historical and other context,,inherited-dissertation,Historical source; approval/provenance varies,Retained dissertation/ANI/model-context figures and retired HTML views. Their original scope is preserved; they are not automatically current Early Earth manuscript evidence. Historical producer code and original labels are retained with the full dissertation source tree.,updated violins,Catalog copy; source remains authoritative
Dissertation_figures/early_earth/quench_analysis/violinplot-mol_counts-before-after-quench.png,Dissertation_figures/early_earth/quench_analysis/violinplot-mol_counts-before-after-quench.png,graveyard/references/Dissertation_figures/early_earth/quench_analysis/violinplot-mol_counts-before-after-quench.png,04_quench_and_fragment_size/dissertation-early_earth-quench_analysis__violinplot-mol_counts-before-after-quench.png,ef1ea025f8c125a7fef680997899b49b7ef4298a39e80df6c6a21e62e4796d0f,126574,png,04_quench_and_fragment_size,Quench and fragment size,,inherited-dissertation,Historical source; approval/provenance varies,"Paired hot/quench sizes and connectivity examples, including heavy-atom alternatives. Production endpoints are independent 25-fs quenches; historical shared-412 comparisons use 250-fs endpoints. Author selection remains open. Historical producer code and original labels are retained with the full dissertation source tree.",violinplot-mol counts-before-after-quench,Catalog copy; source remains authoritative
Dissertation_figures/early_earth/rmsd_distribution.png,Dissertation_figures/early_earth/rmsd_distribution.png,graveyard/references/Dissertation_figures/early_earth/rmsd_distribution.png,90_historical_and_other_context/dissertation-early_earth__rmsd_distribution.png,0e3a4d532a4da395176bc44f4d4ea2de40e527c28c3cab53b70b6b030eea5714,106492,png,90_historical_and_other_context,Historical and other context,,inherited-dissertation,Historical source; approval/provenance varies,Retained dissertation/ANI/model-context figures and retired HTML views. Their original scope is preserved; they are not automatically current Early Earth manuscript evidence. Historical producer code and original labels are retained with the full dissertation source tree.,rmsd distribution,Catalog copy; source remains authoritative
Dissertation_figures/early_earth/steps_vs_temp_quench.png,Dissertation_figures/early_earth/steps_vs_temp_quench.png,graveyard/references/Dissertation_figures/early_earth/steps_vs_temp_quench.png,01_energy_evolution/dissertation-early_earth__steps_vs_temp_quench.png,a86af85c3c52e7f7af0c39d105d0c6b66216fdb1807faeafc52a7f34d49ca962,105497,png,01_energy_evolution,Energy evolution,,inherited-dissertation,Historical source; approval/provenance varies,"Energetic evolution through heating, the high-temperature interval and cooling. F09 is source-bound, but the historical displayed-axis transformation remains unresolved; do not compare it numerically with reconstructed raw totals. Historical producer code and original labels are retained with the full dissertation source tree.",steps vs temp quench,Catalog copy; source remains authoritative
Dissertation_figures/early_earth/test.png,Dissertation_figures/early_earth/test.png,graveyard/references/Dissertation_figures/early_earth/test.png,90_historical_and_other_context/dissertation-early_earth__test.png,37fc891f66497e6d4a082df1d9c09ffbfe22a0675aabf210ddc8736397c9ddd4,16304,png,90_historical_and_other_context,Historical and other context,,inherited-dissertation,Historical source; approval/provenance varies,Retained dissertation/ANI/model-context figures and retired HTML views. Their original scope is preserved; they are not automatically current Early Earth manuscript evidence. Historical producer code and original labels are retained with the full dissertation source tree.,test,Catalog copy; source remains authoritative
Dissertation_figures/early_earth/updated_avg_n-atoms.png,Dissertation_figures/early_earth/updated_avg_n-atoms.png,graveyard/references/Dissertation_figures/early_earth/updated_avg_n-atoms.png,04_quench_and_fragment_size/dissertation-early_earth__updated_avg_n-atoms.png,d9d2f9fb3b69fc4a97ef18f31d7d4fd048e5c0db50c3509c5db50fe399a0be79,291967,png,04_quench_and_fragment_size,Quench and fragment size,,inherited-dissertation,Historical source; approval/provenance varies,"Paired hot/quench sizes and connectivity examples, including heavy-atom alternatives. Production endpoints are independent 25-fs quenches; historical shared-412 comparisons use 250-fs endpoints. Author selection remains open. Historical producer code and original labels are retained with the full dissertation source tree.",updated avg n-atoms,Catalog copy; source remains authoritative
Dissertation_figures/early_earth/updated_graphmatcher.png,Dissertation_figures/early_earth/updated_graphmatcher.png,graveyard/references/Dissertation_figures/early_earth/updated_graphmatcher.png,05_composition_recurrence_and_topology/dissertation-early_earth__updated_graphmatcher.png,5d4ca51ccd0f5208900c247e9e7439b05df2d159283092ebd02ee58c74326e43,238068,png,05_composition_recurrence_and_topology,"Composition, recurrence and topology",,inherited-dissertation,Historical source; approval/provenance varies,"Variety versus abundance, compositions, architecture, recurrence and topology motifs. Emitted strings, exact graphs and fragment occurrences have different denominators. F18 motifs are topology and clusters are browsing aids. Historical producer code and original labels are retained with the full dissertation source tree.",updated graphmatcher,Catalog copy; source remains authoritative
Dissertation_figures/early_earth/updated_largest_mol_vs_time.png,Dissertation_figures/early_earth/updated_largest_mol_vs_time.png,graveyard/references/Dissertation_figures/early_earth/updated_largest_mol_vs_time.png,04_quench_and_fragment_size/dissertation-early_earth__updated_largest_mol_vs_time.png,af6fb175f10e90daa1d418552a846f256a032617f1e73176d46c0e3509ff120d,292497,png,04_quench_and_fragment_size,Quench and fragment size,,inherited-dissertation,Historical source; approval/provenance varies,"Paired hot/quench sizes and connectivity examples, including heavy-atom alternatives. Production endpoints are independent 25-fs quenches; historical shared-412 comparisons use 250-fs endpoints. Author selection remains open. Historical producer code and original labels are retained with the full dissertation source tree.",updated largest mol vs time,Catalog copy; source remains authoritative
Dissertation_figures/early_earth/updated_original_counts.png,Dissertation_figures/early_earth/updated_original_counts.png,graveyard/references/Dissertation_figures/early_earth/updated_original_counts.png,04_quench_and_fragment_size/dissertation-early_earth__updated_original_counts.png,d8cff54934edb3bfc13fa9f44a924e9acd24211ef46201834db48c70ad57d6bd,148742,png,04_quench_and_fragment_size,Quench and fragment size,,inherited-dissertation,Historical source; approval/provenance varies,"Paired hot/quench sizes and connectivity examples, including heavy-atom alternatives. Production endpoints are independent 25-fs quenches; historical shared-412 comparisons use 250-fs endpoints. Author selection remains open. Historical producer code and original labels are retained with the full dissertation source tree.",updated original counts,Catalog copy; source remains authoritative
Dissertation_figures/figures/228000-after.png,Dissertation_figures/figures/228000-after.png,graveyard/references/Dissertation_figures/figures/228000-after.png,07_development_systems/dissertation-figures__228000-after.png,ec4d579410b1226e977f507dbb51d10bc9b281ee8488631b2d55c177f5e1276f,1952412,png,07_development_systems,Development systems,S04,inherited-dissertation,Historical source; approval/provenance varies,"228/228k starting and evolved system views. Figure S1 provides illustrative development context, not molecular-identification evidence. Historical producer code and original labels are retained with the full dissertation source tree.",228000-after,Catalog copy; source remains authoritative
Dissertation_figures/figures/228000-start.png,Dissertation_figures/figures/228000-start.png,graveyard/references/Dissertation_figures/figures/228000-start.png,07_development_systems/dissertation-figures__228000-start.png,4e88a9051a08f7641caa7bed9aed94976b3be919ba2a52339b9157429d581b63,2007458,png,07_development_systems,Development systems,S04,inherited-dissertation,Historical source; approval/provenance varies,"228/228k starting and evolved system views. Figure S1 provides illustrative development context, not molecular-identification evidence. Historical producer code and original labels are retained with the full dissertation source tree.",228000-start,Catalog copy; source remains authoritative
Dissertation_figures/figures/228_final.png,Dissertation_figures/figures/228_final.png,graveyard/references/Dissertation_figures/figures/228_final.png,07_development_systems/dissertation-figures__228_final.png,8cc5f6061e7836962e700baa5cdda093b85f3aa6e7de6494ff24c8fa23f24284,427392,png,07_development_systems,Development systems,,inherited-dissertation,Historical source; approval/provenance varies,"228/228k starting and evolved system views. Figure S1 provides illustrative development context, not molecular-identification evidence. Historical producer code and original labels are retained with the full dissertation source tree.",228 final,Catalog copy; source remains authoritative
Dissertation_figures/figures/228_initial.png,Dissertation_figures/figures/228_initial.png,graveyard/references/Dissertation_figures/figures/228_initial.png,07_development_systems/dissertation-figures__228_initial.png,0b50687f0a1818bd750a0c59a9a16eb3a8c29e7868c43c2e7159807489164d0b,442350,png,07_development_systems,Development systems,,inherited-dissertation,Historical source; approval/provenance varies,"228/228k starting and evolved system views. Figure S1 provides illustrative development context, not molecular-identification evidence. Historical producer code and original labels are retained with the full dissertation source tree.",228 initial,Catalog copy; source remains authoritative
Dissertation_figures/figures/228k_head_on.png,Dissertation_figures/figures/228k_head_on.png,graveyard/references/Dissertation_figures/figures/228k_head_on.png,07_development_systems/dissertation-figures__228k_head_on.png,5d72fd30a3a2d4350e86f09a9dd545703b5c05da08a15bb088fa37e806cdf51a,7355770,png,07_development_systems,Development systems,,inherited-dissertation,Historical source; approval/provenance varies,"228/228k starting and evolved system views. Figure S1 provides illustrative development context, not molecular-identification evidence. Historical producer code and original labels are retained with the full dissertation source tree.",228k head on,Catalog copy; source remains authoritative
Dissertation_figures/figures/228k_lines_fullscreen.png,Dissertation_figures/figures/228k_lines_fullscreen.png,graveyard/references/Dissertation_figures/figures/228k_lines_fullscreen.png,07_development_systems/dissertation-figures__228k_lines_fullscreen.png,8e61745eb6c60570176e5ffe9be638d4e36610a1983a6eb63bc5a41888c1c190,4765930,png,07_development_systems,Development systems,,inherited-dissertation,Historical source; approval/provenance varies,"228/228k starting and evolved system views. Figure S1 provides illustrative development context, not molecular-identification evidence. Historical producer code and original labels are retained with the full dissertation source tree.",228k lines fullscreen,Catalog copy; source remains authoritative
Dissertation_figures/figures/3d-d-ala.png,Dissertation_figures/figures/3d-d-ala.png,graveyard/references/Dissertation_figures/figures/3d-d-ala.png,02_alanine_and_conformations/dissertation-figures__3d-d-ala.png,e7b4e63062fcfd1733fea906eff6daaa761e46a79ca0527830d6754cbdcd0716,129652,png,02_alanine_and_conformations,Alanine and conformations,,inherited-dissertation,Historical source; approval/provenance varies,"Alanine orientation, improper torsion and coordinate illustrations. F10 reproduces the 438,986-structure population and modes; it does not assign absolute stereochemistry, equilibrium or stability. Historical producer code and original labels are retained with the full dissertation source tree.",3d-d-ala,Catalog copy; source remains authoritative
Dissertation_figures/figures/3d-l-ala.png,Dissertation_figures/figures/3d-l-ala.png,graveyard/references/Dissertation_figures/figures/3d-l-ala.png,02_alanine_and_conformations/dissertation-figures__3d-l-ala.png,827d2c0e1f4b309231631fdb75cc3f9c6377fe1250ff8c161b8b191bf8cdad29,121470,png,02_alanine_and_conformations,Alanine and conformations,,inherited-dissertation,Historical source; approval/provenance varies,"Alanine orientation, improper torsion and coordinate illustrations. F10 reproduces the 438,986-structure population and modes; it does not assign absolute stereochemistry, equilibrium or stability. Historical producer code and original labels are retained with the full dissertation source tree.",3d-l-ala,Catalog copy; source remains authoritative
Dissertation_figures/figures/aev/AEV_construction.png,Dissertation_figures/figures/aev/AEV_construction.png,graveyard/references/Dissertation_figures/figures/aev/AEV_construction.png,90_historical_and_other_context/dissertation-figures-aev__AEV_construction.png,053008250a0d4764747b459180269c56846a1b9deef810e872dc122d1809dc2b,751591,png,90_historical_and_other_context,Historical and other context,,inherited-dissertation,Historical source; approval/provenance varies,Retained dissertation/ANI/model-context figures and retired HTML views. Their original scope is preserved; they are not automatically current Early Earth manuscript evidence. Historical producer code and original labels are retained with the full dissertation source tree.,AEV construction,Catalog copy; source remains authoritative
Dissertation_figures/figures/aev/aev_isolated_cropped.png,Dissertation_figures/figures/aev/aev_isolated_cropped.png,graveyard/references/Dissertation_figures/figures/aev/aev_isolated_cropped.png,90_historical_and_other_context/dissertation-figures-aev__aev_isolated_cropped.png,6605c5eccc3aa2977f1536cd9a0c42b52ec735b88679816e679085a5af8260ca,257104,png,90_historical_and_other_context,Historical and other context,,inherited-dissertation,Historical source; approval/provenance varies,Retained dissertation/ANI/model-context figures and retired HTML views. Their original scope is preserved; they are not automatically current Early Earth manuscript evidence. Historical producer code and original labels are retained with the full dissertation source tree.,aev isolated cropped,Catalog copy; source remains authoritative
Dissertation_figures/figures/aev/aev_no_radius.png,Dissertation_figures/figures/aev/aev_no_radius.png,graveyard/references/Dissertation_figures/figures/aev/aev_no_radius.png,90_historical_and_other_context/dissertation-figures-aev__aev_no_radius.png,62ac0d860bcad70edbf2017939529c83e872a36ae9ab2b4ce63ef7dc6ba8ca5c,66679,png,90_historical_and_other_context,Historical and other context,,inherited-dissertation,Historical source; approval/provenance varies,Retained dissertation/ANI/model-context figures and retired HTML views. Their original scope is preserved; they are not automatically current Early Earth manuscript evidence. Historical producer code and original labels are retained with the full dissertation source tree.,aev no radius,Catalog copy; source remains authoritative
Dissertation_figures/figures/aev/aev_no_radius_cropped.png,Dissertation_figures/figures/aev/aev_no_radius_cropped.png,graveyard/references/Dissertation_figures/figures/aev/aev_no_radius_cropped.png,90_historical_and_other_context/dissertation-figures-aev__aev_no_radius_cropped.png,e52bbf5ac0dc3bb0d2403ff13fb54b0bb7062f63288de929b3f65ecf755d57a0,82166,png,90_historical_and_other_context,Historical and other context,,inherited-dissertation,Historical source; approval/provenance varies,Retained dissertation/ANI/model-context figures and retired HTML views. Their original scope is preserved; they are not automatically current Early Earth manuscript evidence. Historical producer code and original labels are retained with the full dissertation source tree.,aev no radius cropped,Catalog copy; source remains authoritative
Dissertation_figures/figures/aev/aev_radius.png,Dissertation_figures/figures/aev/aev_radius.png,graveyard/references/Dissertation_figures/figures/aev/aev_radius.png,90_historical_and_other_context/dissertation-figures-aev__aev_radius.png,bcb95405ceb25af3fbbc57a3e675f3d3bf80e37d95ecc733c2ac2751871e9874,201253,png,90_historical_and_other_context,Historical and other context,,inherited-dissertation,Historical source; approval/provenance varies,Retained dissertation/ANI/model-context figures and retired HTML views. Their original scope is preserved; they are not automatically current Early Earth manuscript evidence. Historical producer code and original labels are retained with the full dissertation source tree.,aev radius,Catalog copy; source remains authoritative
Dissertation_figures/figures/aev/aev_radius_combined.png,Dissertation_figures/figures/aev/aev_radius_combined.png,graveyard/references/Dissertation_figures/figures/aev/aev_radius_combined.png,90_historical_and_other_context/dissertation-figures-aev__aev_radius_combined.png,443c2d311293eb272cf79416a96fe59224d1ece9c7f93ba86c160f524acc47b2,2146547,png,90_historical_and_other_context,Historical and other context,,inherited-dissertation,Historical source; approval/provenance varies,Retained dissertation/ANI/model-context figures and retired HTML views. Their original scope is preserved; they are not automatically current Early Earth manuscript evidence. Historical producer code and original labels are retained with the full dissertation source tree.,aev radius combined,Catalog copy; source remains authoritative
Dissertation_figures/figures/aev/aev_radius_cropped.png,Dissertation_figures/figures/aev/aev_radius_cropped.png,graveyard/references/Dissertation_figures/figures/aev/aev_radius_cropped.png,90_historical_and_other_context/dissertation-figures-aev__aev_radius_cropped.png,baaaffc626df7ece35272e6b29944e7597631db206a6c904b5c10b6f501e09c5,270306,png,90_historical_and_other_context,Historical and other context,,inherited-dissertation,Historical source; approval/provenance varies,Retained dissertation/ANI/model-context figures and retired HTML views. Their original scope is preserved; they are not automatically current Early Earth manuscript evidence. Historical producer code and original labels are retained with the full dissertation source tree.,aev radius cropped,Catalog copy; source remains authoritative
Dissertation_figures/figures/aev/aev_radius_isolated.png,Dissertation_figures/figures/aev/aev_radius_isolated.png,graveyard/references/Dissertation_figures/figures/aev/aev_radius_isolated.png,90_historical_and_other_context/dissertation-figures-aev__aev_radius_isolated.png,27351edbef04f56a089a1791f0e904f65dcc1e37114b3b05df03daf6d6e3ab5a,193497,png,90_historical_and_other_context,Historical and other context,,inherited-dissertation,Historical source; approval/provenance varies,Retained dissertation/ANI/model-context figures and retired HTML views. Their original scope is preserved; they are not automatically current Early Earth manuscript evidence. Historical producer code and original labels are retained with the full dissertation source tree.,aev radius isolated,Catalog copy; source remains authoritative
Dissertation_figures/figures/aev/both_radii_cropped.png,Dissertation_figures/figures/aev/both_radii_cropped.png,graveyard/references/Dissertation_figures/figures/aev/both_radii_cropped.png,90_historical_and_other_context/dissertation-figures-aev__both_radii_cropped.png,0d5101c06de94ceae4a23de08f543a46a1920ea81ce35382247fce9c87d6e28d,302486,png,90_historical_and_other_context,Historical and other context,,inherited-dissertation,Historical source; approval/provenance varies,Retained dissertation/ANI/model-context figures and retired HTML views. Their original scope is preserved; they are not automatically current Early Earth manuscript evidence. Historical producer code and original labels are retained with the full dissertation source tree.,both radii cropped,Catalog copy; source remains authoritative
Dissertation_figures/figures/aev/both_radii_test.png,Dissertation_figures/figures/aev/both_radii_test.png,graveyard/references/Dissertation_figures/figures/aev/both_radii_test.png,90_historical_and_other_context/dissertation-figures-aev__both_radii_test.png,bcc4e3d2680f1c91018c1683fa962855fbe165673ec7222a9af325bef18be696,212696,png,90_historical_and_other_context,Historical and other context,,inherited-dissertation,Historical source; approval/provenance varies,Retained dissertation/ANI/model-context figures and retired HTML views. Their original scope is preserved; they are not automatically current Early Earth manuscript evidence. Historical producer code and original labels are retained with the full dissertation source tree.,both radii test,Catalog copy; source remains authoritative
Dissertation_figures/figures/alanine_dihedral.png,Dissertation_figures/figures/alanine_dihedral.png,graveyard/references/Dissertation_figures/figures/alanine_dihedral.png,02_alanine_and_conformations/dissertation-figures__alanine_dihedral.png,7bc28a2666a8a5f9040095ad07a6c76384a4a2ed5ad56f15d9c9fffb49b91fed,215694,png,02_alanine_and_conformations,Alanine and conformations,,inherited-dissertation,Historical source; approval/provenance varies,"Alanine orientation, improper torsion and coordinate illustrations. F10 reproduces the 438,986-structure population and modes; it does not assign absolute stereochemistry, equilibrium or stability. Historical producer code and original labels are retained with the full dissertation source tree.",alanine dihedral,Catalog copy; source remains authoritative
Dissertation_figures/figures/alanine_shaded.png,Dissertation_figures/figures/alanine_shaded.png,graveyard/references/Dissertation_figures/figures/alanine_shaded.png,02_alanine_and_conformations/dissertation-figures__alanine_shaded.png,191f5e19f918dd775cbae9b9aa700c458d4ba24e6b24e09b65b368d079d9fa34,31944,png,02_alanine_and_conformations,Alanine and conformations,,inherited-dissertation,Historical source; approval/provenance varies,"Alanine orientation, improper torsion and coordinate illustrations. F10 reproduces the 438,986-structure population and modes; it does not assign absolute stereochemistry, equilibrium or stability. Historical producer code and original labels are retained with the full dissertation source tree.",alanine shaded,Catalog copy; source remains authoritative
Dissertation_figures/figures/c2h3n7o2-cropped.png,Dissertation_figures/figures/c2h3n7o2-cropped.png,graveyard/references/Dissertation_figures/figures/c2h3n7o2-cropped.png,05_composition_recurrence_and_topology/dissertation-figures__c2h3n7o2-cropped.png,34c2ced8985cffd094d7a249ecc0d991c96b474acafbddbcb54e5481a7620a0e,96703,png,05_composition_recurrence_and_topology,"Composition, recurrence and topology",,inherited-dissertation,Historical source; approval/provenance varies,"Variety versus abundance, compositions, architecture, recurrence and topology motifs. Emitted strings, exact graphs and fragment occurrences have different denominators. F18 motifs are topology and clusters are browsing aids. Historical producer code and original labels are retained with the full dissertation source tree.",c2h3n7o2-cropped,Catalog copy; source remains authoritative
Dissertation_figures/figures/c2h3n7o2.png,Dissertation_figures/figures/c2h3n7o2.png,graveyard/references/Dissertation_figures/figures/c2h3n7o2.png,05_composition_recurrence_and_topology/dissertation-figures__c2h3n7o2.png,2045a7b1d3ab4f8c3ef4ed75e8ad5e78eeca0cde3db5e53147c1c19519a2c1e7,70544,png,05_composition_recurrence_and_topology,"Composition, recurrence and topology",,inherited-dissertation,Historical source; approval/provenance varies,"Variety versus abundance, compositions, architecture, recurrence and topology motifs. Emitted strings, exact graphs and fragment occurrences have different denominators. F18 motifs are topology and clusters are browsing aids. Historical producer code and original labels are retained with the full dissertation source tree.",c2h3n7o2,Catalog copy; source remains authoritative
Dissertation_figures/figures/c2h3n7o2_11isolator-cropped.png,Dissertation_figures/figures/c2h3n7o2_11isolator-cropped.png,graveyard/references/Dissertation_figures/figures/c2h3n7o2_11isolator-cropped.png,05_composition_recurrence_and_topology/dissertation-figures__c2h3n7o2_11isolator-cropped.png,b39fdf160f344acf0445af29bd33e22104146fa91c6185e455a502ff3f278421,86695,png,05_composition_recurrence_and_topology,"Composition, recurrence and topology",,inherited-dissertation,Historical source; approval/provenance varies,"Variety versus abundance, compositions, architecture, recurrence and topology motifs. Emitted strings, exact graphs and fragment occurrences have different denominators. F18 motifs are topology and clusters are browsing aids. Historical producer code and original labels are retained with the full dissertation source tree.",c2h3n7o2 11isolator-cropped,Catalog copy; source remains authoritative
Dissertation_figures/figures/c2h3n7o2_11isolator.png,Dissertation_figures/figures/c2h3n7o2_11isolator.png,graveyard/references/Dissertation_figures/figures/c2h3n7o2_11isolator.png,05_composition_recurrence_and_topology/dissertation-figures__c2h3n7o2_11isolator.png,ffef4ad4fe82c346f07d34e713345797af8eec897a609be5698f3033c6ad8ea9,5833530,png,05_composition_recurrence_and_topology,"Composition, recurrence and topology",,inherited-dissertation,Historical source; approval/provenance varies,"Variety versus abundance, compositions, architecture, recurrence and topology motifs. Emitted strings, exact graphs and fragment occurrences have different denominators. F18 motifs are topology and clusters are browsing aids. Historical producer code and original labels are retained with the full dissertation source tree.",c2h3n7o2 11isolator,Catalog copy; source remains authoritative
Dissertation_figures/figures/c2h3n7o2_2isolator-cropped.png,Dissertation_figures/figures/c2h3n7o2_2isolator-cropped.png,graveyard/references/Dissertation_figures/figures/c2h3n7o2_2isolator-cropped.png,05_composition_recurrence_and_topology/dissertation-figures__c2h3n7o2_2isolator-cropped.png,1ffd723db1ad690d4748b6478ad1ab1f3ddd71ca43d77ea18afd251c5f549849,56219,png,05_composition_recurrence_and_topology,"Composition, recurrence and topology",,inherited-dissertation,Historical source; approval/provenance varies,"Variety versus abundance, compositions, architecture, recurrence and topology motifs. Emitted strings, exact graphs and fragment occurrences have different denominators. F18 motifs are topology and clusters are browsing aids. Historical producer code and original labels are retained with the full dissertation source tree.",c2h3n7o2 2isolator-cropped,Catalog copy; source remains authoritative
Dissertation_figures/figures/c2h3n7o2_2isolator.png,Dissertation_figures/figures/c2h3n7o2_2isolator.png,graveyard/references/Dissertation_figures/figures/c2h3n7o2_2isolator.png,05_composition_recurrence_and_topology/dissertation-figures__c2h3n7o2_2isolator.png,7fb7bb0f591caf56c6436bea6f0d7e5d5729d1446590a7030e4dad889112a520,5833530,png,05_composition_recurrence_and_topology,"Composition, recurrence and topology",,inherited-dissertation,Historical source; approval/provenance varies,"Variety versus abundance, compositions, architecture, recurrence and topology motifs. Emitted strings, exact graphs and fragment occurrences have different denominators. F18 motifs are topology and clusters are browsing aids. Historical producer code and original labels are retained with the full dissertation source tree.",c2h3n7o2 2isolator,Catalog copy; source remains authoritative
Dissertation_figures/figures/c2h3n7o2_highlighted-cropped.png,Dissertation_figures/figures/c2h3n7o2_highlighted-cropped.png,graveyard/references/Dissertation_figures/figures/c2h3n7o2_highlighted-cropped.png,05_composition_recurrence_and_topology/dissertation-figures__c2h3n7o2_highlighted-cropped.png,a5ffdde64702122831f64ac7434bd7c82ac7c57c35d485f751565ef5f163d560,372855,png,05_composition_recurrence_and_topology,"Composition, recurrence and topology",,inherited-dissertation,Historical source; approval/provenance varies,"Variety versus abundance, compositions, architecture, recurrence and topology motifs. Emitted strings, exact graphs and fragment occurrences have different denominators. F18 motifs are topology and clusters are browsing aids. Historical producer code and original labels are retained with the full dissertation source tree.",c2h3n7o2 highlighted-cropped,Catalog copy; source remains authoritative
Dissertation_figures/figures/c2h3n7o2_highlighted.png,Dissertation_figures/figures/c2h3n7o2_highlighted.png,graveyard/references/Dissertation_figures/figures/c2h3n7o2_highlighted.png,05_composition_recurrence_and_topology/dissertation-figures__c2h3n7o2_highlighted.png,6a51c16272e25cec91641f153090cd609356344941d4f569d643db81d920b913,5833530,png,05_composition_recurrence_and_topology,"Composition, recurrence and topology",,inherited-dissertation,Historical source; approval/provenance varies,"Variety versus abundance, compositions, architecture, recurrence and topology motifs. Emitted strings, exact graphs and fragment occurrences have different denominators. F18 motifs are topology and clusters are browsing aids. Historical producer code and original labels are retained with the full dissertation source tree.",c2h3n7o2 highlighted,Catalog copy; source remains authoritative
Dissertation_figures/figures/c5h12.png,Dissertation_figures/figures/c5h12.png,graveyard/references/Dissertation_figures/figures/c5h12.png,90_historical_and_other_context/dissertation-figures__c5h12.png,0da4b83b08c105bd587ca8a9a029dd6fbaf856d68b20a39ff80b48708d784dac,138204,png,90_historical_and_other_context,Historical and other context,,inherited-dissertation,Historical source; approval/provenance varies,Retained dissertation/ANI/model-context figures and retired HTML views. Their original scope is preserved; they are not automatically current Early Earth manuscript evidence. Historical producer code and original labels are retained with the full dissertation source tree.,c5h12,Catalog copy; source remains authoritative
Dissertation_figures/figures/ch4.png,Dissertation_figures/figures/ch4.png,graveyard/references/Dissertation_figures/figures/ch4.png,90_historical_and_other_context/dissertation-figures__ch4.png,d21fe979091f921021e8d7d594444c36b715c0c343d9e355eada829adca84ca4,41670,png,90_historical_and_other_context,Historical and other context,,inherited-dissertation,Historical source; approval/provenance varies,Retained dissertation/ANI/model-context figures and retired HTML views. Their original scope is preserved; they are not automatically current Early Earth manuscript evidence. Historical producer code and original labels are retained with the full dissertation source tree.,ch4,Catalog copy; source remains authoritative
Dissertation_figures/figures/cropped_228_final.png,Dissertation_figures/figures/cropped_228_final.png,graveyard/references/Dissertation_figures/figures/cropped_228_final.png,07_development_systems/dissertation-figures__cropped_228_final.png,14416e5d38e45bf2a3626649d3d988b5e62a3ee60e0a12551f16ed63a84579f2,353728,png,07_development_systems,Development systems,,inherited-dissertation,Historical source; approval/provenance varies,"228/228k starting and evolved system views. Figure S1 provides illustrative development context, not molecular-identification evidence. Historical producer code and original labels are retained with the full dissertation source tree.",cropped 228 final,Catalog copy; source remains authoritative
Dissertation_figures/figures/cropped_228_initial.png,Dissertation_figures/figures/cropped_228_initial.png,graveyard/references/Dissertation_figures/figures/cropped_228_initial.png,07_development_systems/dissertation-figures__cropped_228_initial.png,b858c17caa83d1b9a56ba1ab92811ce6b656dfece73a0d5cf43747d6925614af,374924,png,07_development_systems,Development systems,,inherited-dissertation,Historical source; approval/provenance varies,"228/228k starting and evolved system views. Figure S1 provides illustrative development context, not molecular-identification evidence. Historical producer code and original labels are retained with the full dissertation source tree.",cropped 228 initial,Catalog copy; source remains authoritative
Dissertation_figures/figures/cropped_atom11.png,Dissertation_figures/figures/cropped_atom11.png,graveyard/references/Dissertation_figures/figures/cropped_atom11.png,90_historical_and_other_context/dissertation-figures__cropped_atom11.png,bc9917dfd18dd43cab5cebc1e35dca42502c508a08300e4b8f776d6145828773,84879,png,90_historical_and_other_context,Historical and other context,,inherited-dissertation,Historical source; approval/provenance varies,Retained dissertation/ANI/model-context figures and retired HTML views. Their original scope is preserved; they are not automatically current Early Earth manuscript evidence. Historical producer code and original labels are retained with the full dissertation source tree.,cropped atom11,Catalog copy; source remains authoritative
Dissertation_figures/figures/cropped_atom2.png,Dissertation_figures/figures/cropped_atom2.png,graveyard/references/Dissertation_figures/figures/cropped_atom2.png,90_historical_and_other_context/dissertation-figures__cropped_atom2.png,acfc12e6465181834de8c83e6e9e596cf7ab94b9c81689477249613852dd93b1,42120,png,90_historical_and_other_context,Historical and other context,,inherited-dissertation,Historical source; approval/provenance varies,Retained dissertation/ANI/model-context figures and retired HTML views. Their original scope is preserved; they are not automatically current Early Earth manuscript evidence. Historical producer code and original labels are retained with the full dissertation source tree.,cropped atom2,Catalog copy; source remains authoritative
Dissertation_figures/figures/d-ala.png,Dissertation_figures/figures/d-ala.png,graveyard/references/Dissertation_figures/figures/d-ala.png,02_alanine_and_conformations/dissertation-figures__d-ala.png,3df7d734f79eb65ddf76acb16ec441f0a333ee8b5274e48bbcc0190c3649856d,8612,png,02_alanine_and_conformations,Alanine and conformations,,inherited-dissertation,Historical source; approval/provenance varies,"Alanine orientation, improper torsion and coordinate illustrations. F10 reproduces the 438,986-structure population and modes; it does not assign absolute stereochemistry, equilibrium or stability. Historical producer code and original labels are retained with the full dissertation source tree.",d-ala,Catalog copy; source remains authoritative
Dissertation_figures/figures/energies/2xr_1x-first_ae-per-model.png,Dissertation_figures/figures/energies/2xr_1x-first_ae-per-model.png,graveyard/references/Dissertation_figures/figures/energies/2xr_1x-first_ae-per-model.png,90_historical_and_other_context/dissertation-figures-energies__2xr_1x-first_ae-per-model.png,e117bb896b17f7d00c5da0062bdfa3f6dbc709f326a558b83f487da6e3543a0c,532305,png,90_historical_and_other_context,Historical and other context,,inherited-dissertation,Historical source; approval/provenance varies,Retained dissertation/ANI/model-context figures and retired HTML views. Their original scope is preserved; they are not automatically current Early Earth manuscript evidence. Historical producer code and original labels are retained with the full dissertation source tree.,2xr 1x-first ae-per-model,Catalog copy; source remains authoritative
Dissertation_figures/figures/energies/2xr_1x-first_mean-ae-per-atomtype.png,Dissertation_figures/figures/energies/2xr_1x-first_mean-ae-per-atomtype.png,graveyard/references/Dissertation_figures/figures/energies/2xr_1x-first_mean-ae-per-atomtype.png,90_historical_and_other_context/dissertation-figures-energies__2xr_1x-first_mean-ae-per-atomtype.png,07b383e16baf1c07f5a471c084f5b6f3be3d09f983e7e704397aca972001b9c5,242524,png,90_historical_and_other_context,Historical and other context,,inherited-dissertation,Historical source; approval/provenance varies,Retained dissertation/ANI/model-context figures and retired HTML views. Their original scope is preserved; they are not automatically current Early Earth manuscript evidence. Historical producer code and original labels are retained with the full dissertation source tree.,2xr 1x-first mean-ae-per-atomtype,Catalog copy; source remains authoritative
Dissertation_figures/figures/energies/2xr_1x-first_stdev-ae-per-atomtype.png,Dissertation_figures/figures/energies/2xr_1x-first_stdev-ae-per-atomtype.png,graveyard/references/Dissertation_figures/figures/energies/2xr_1x-first_stdev-ae-per-atomtype.png,90_historical_and_other_context/dissertation-figures-energies__2xr_1x-first_stdev-ae-per-atomtype.png,23024fabca3ef9a274f8d26a16ff2c14c1f81681ea4175fec8ac1380c2b94554,248215,png,90_historical_and_other_context,Historical and other context,,inherited-dissertation,Historical source; approval/provenance varies,Retained dissertation/ANI/model-context figures and retired HTML views. Their original scope is preserved; they are not automatically current Early Earth manuscript evidence. Historical producer code and original labels are retained with the full dissertation source tree.,2xr 1x-first stdev-ae-per-atomtype,Catalog copy; source remains authoritative
Dissertation_figures/figures/energies/2xr_1x-first_total-e-qbc.png,Dissertation_figures/figures/energies/2xr_1x-first_total-e-qbc.png,graveyard/references/Dissertation_figures/figures/energies/2xr_1x-first_total-e-qbc.png,90_historical_and_other_context/dissertation-figures-energies__2xr_1x-first_total-e-qbc.png,5f9c545d2e938c57ab6d3a1c88f51cd11befa9ef2330482fc6b470f4e114f292,88546,png,90_historical_and_other_context,Historical and other context,,inherited-dissertation,Historical source; approval/provenance varies,Retained dissertation/ANI/model-context figures and retired HTML views. Their original scope is preserved; they are not automatically current Early Earth manuscript evidence. Historical producer code and original labels are retained with the full dissertation source tree.,2xr 1x-first total-e-qbc,Catalog copy; source remains authoritative
Dissertation_figures/figures/energies/2xr_comp6v1_ae-per-model.png,Dissertation_figures/figures/energies/2xr_comp6v1_ae-per-model.png,graveyard/references/Dissertation_figures/figures/energies/2xr_comp6v1_ae-per-model.png,90_historical_and_other_context/dissertation-figures-energies__2xr_comp6v1_ae-per-model.png,1f1c8ba0832deb85244f168295b2a26471c1097172d260f8f4a3a96384978db5,547279,png,90_historical_and_other_context,Historical and other context,,inherited-dissertation,Historical source; approval/provenance varies,Retained dissertation/ANI/model-context figures and retired HTML views. Their original scope is preserved; they are not automatically current Early Earth manuscript evidence. Historical producer code and original labels are retained with the full dissertation source tree.,2xr comp6v1 ae-per-model,Catalog copy; source remains authoritative
Dissertation_figures/figures/energies/2xr_comp6v1_force-highest-force_deviation-vs-energy.png,Dissertation_figures/figures/energies/2xr_comp6v1_force-highest-force_deviation-vs-energy.png,graveyard/references/Dissertation_figures/figures/energies/2xr_comp6v1_force-highest-force_deviation-vs-energy.png,90_historical_and_other_context/dissertation-figures-energies__2xr_comp6v1_force-highest-force_deviation-vs-energy.png,8ca7d0391a45da4e90028e5f5a970b4dcebc04ba796dd861ce7092257d61357c,145139,png,90_historical_and_other_context,Historical and other context,,inherited-dissertation,Historical source; approval/provenance varies,Retained dissertation/ANI/model-context figures and retired HTML views. Their original scope is preserved; they are not automatically current Early Earth manuscript evidence. Historical producer code and original labels are retained with the full dissertation source tree.,2xr comp6v1 force-highest-force deviation-vs-energy,Catalog copy; source remains authoritative
Dissertation_figures/figures/energies/2xr_comp6v1_mean-ae-per-atomtype.png,Dissertation_figures/figures/energies/2xr_comp6v1_mean-ae-per-atomtype.png,graveyard/references/Dissertation_figures/figures/energies/2xr_comp6v1_mean-ae-per-atomtype.png,90_historical_and_other_context/dissertation-figures-energies__2xr_comp6v1_mean-ae-per-atomtype.png,342a5c707033e89590c07fd572dcfcf1c0b39803c931d1be5bea88f13a3a847f,201064,png,90_historical_and_other_context,Historical and other context,,inherited-dissertation,Historical source; approval/provenance varies,Retained dissertation/ANI/model-context figures and retired HTML views. Their original scope is preserved; they are not automatically current Early Earth manuscript evidence. Historical producer code and original labels are retained with the full dissertation source tree.,2xr comp6v1 mean-ae-per-atomtype,Catalog copy; source remains authoritative
Dissertation_figures/figures/energies/2xr_comp6v1_stdev-ae-per-atomtype.png,Dissertation_figures/figures/energies/2xr_comp6v1_stdev-ae-per-atomtype.png,graveyard/references/Dissertation_figures/figures/energies/2xr_comp6v1_stdev-ae-per-atomtype.png,90_historical_and_other_context/dissertation-figures-energies__2xr_comp6v1_stdev-ae-per-atomtype.png,30f1af7668ed65aed1357739773e9c5a84e1d34f48a54918adfd954b44ffda62,190201,png,90_historical_and_other_context,Historical and other context,,inherited-dissertation,Historical source; approval/provenance varies,Retained dissertation/ANI/model-context figures and retired HTML views. Their original scope is preserved; they are not automatically current Early Earth manuscript evidence. Historical producer code and original labels are retained with the full dissertation source tree.,2xr comp6v1 stdev-ae-per-atomtype,Catalog copy; source remains authoritative
Dissertation_figures/figures/energies/2xr_comp6v1_total-e-qbc.png,Dissertation_figures/figures/energies/2xr_comp6v1_total-e-qbc.png,graveyard/references/Dissertation_figures/figures/energies/2xr_comp6v1_total-e-qbc.png,90_historical_and_other_context/dissertation-figures-energies__2xr_comp6v1_total-e-qbc.png,32c90ed24ef5cb19a77634a1a44a77db7d02efb5394a768cda75a79dd422bb70,82451,png,90_historical_and_other_context,Historical and other context,,inherited-dissertation,Historical source; approval/provenance varies,Retained dissertation/ANI/model-context figures and retired HTML views. Their original scope is preserved; they are not automatically current Early Earth manuscript evidence. Historical producer code and original labels are retained with the full dissertation source tree.,2xr comp6v1 total-e-qbc,Catalog copy; source remains authoritative
Dissertation_figures/figures/energies/ch4_2xr_stdev-ae.png,Dissertation_figures/figures/energies/ch4_2xr_stdev-ae.png,graveyard/references/Dissertation_figures/figures/energies/ch4_2xr_stdev-ae.png,90_historical_and_other_context/dissertation-figures-energies__ch4_2xr_stdev-ae.png,8f834033a6a3f7d673ed80cc75559de9a7f501efdfb0fdbd93d8a4f1105b521b,152165,png,90_historical_and_other_context,Historical and other context,,inherited-dissertation,Historical source; approval/provenance varies,Retained dissertation/ANI/model-context figures and retired HTML views. Their original scope is preserved; they are not automatically current Early Earth manuscript evidence. Historical producer code and original labels are retained with the full dissertation source tree.,ch4 2xr stdev-ae,Catalog copy; source remains authoritative
Dissertation_figures/figures/energies/ch4_2xr_total-e-qbc.png,Dissertation_figures/figures/energies/ch4_2xr_total-e-qbc.png,graveyard/references/Dissertation_figures/figures/energies/ch4_2xr_total-e-qbc.png,90_historical_and_other_context/dissertation-figures-energies__ch4_2xr_total-e-qbc.png,80099b0f9c6ecffe3ef55857286ebb7b44b7e5be2363f40b5100d3693e1d8b9e,121850,png,90_historical_and_other_context,Historical and other context,,inherited-dissertation,Historical source; approval/provenance varies,Retained dissertation/ANI/model-context figures and retired HTML views. Their original scope is preserved; they are not automatically current Early Earth manuscript evidence. Historical producer code and original labels are retained with the full dissertation source tree.,ch4 2xr total-e-qbc,Catalog copy; source remains authoritative
Dissertation_figures/figures/example.png,Dissertation_figures/figures/example.png,graveyard/references/Dissertation_figures/figures/example.png,90_historical_and_other_context/dissertation-figures__example.png,81a95e8b4b3b2048b01c2fd6f6a2d4b0f0db2987def509d2ac1e7a210378b908,11640,png,90_historical_and_other_context,Historical and other context,,inherited-dissertation,Historical source; approval/provenance varies,Retained dissertation/ANI/model-context figures and retired HTML views. Their original scope is preserved; they are not automatically current Early Earth manuscript evidence. Historical producer code and original labels are retained with the full dissertation source tree.,example,Catalog copy; source remains authoritative
Dissertation_figures/figures/forces/1x-first-cos_sim-hist2d-insert.png,Dissertation_figures/figures/forces/1x-first-cos_sim-hist2d-insert.png,graveyard/references/Dissertation_figures/figures/forces/1x-first-cos_sim-hist2d-insert.png,90_historical_and_other_context/dissertation-figures-forces__1x-first-cos_sim-hist2d-insert.png,15f6363ecb72aaaad5b3dd08006dc782b546accec3126daec11de5254d6d9367,66637,png,90_historical_and_other_context,Historical and other context,,inherited-dissertation,Historical source; approval/provenance varies,Retained dissertation/ANI/model-context figures and retired HTML views. Their original scope is preserved; they are not automatically current Early Earth manuscript evidence. Historical producer code and original labels are retained with the full dissertation source tree.,1x-first-cos sim-hist2d-insert,Catalog copy; source remains authoritative
Dissertation_figures/figures/forces/1x-first-cosine_sim-bar3d.png,Dissertation_figures/figures/forces/1x-first-cosine_sim-bar3d.png,graveyard/references/Dissertation_figures/figures/forces/1x-first-cosine_sim-bar3d.png,90_historical_and_other_context/dissertation-figures-forces__1x-first-cosine_sim-bar3d.png,e236cf2e2841378a6687555a8e9e37ae19e0c2ccdaf9bf06e73dff6ee951e14f,403759,png,90_historical_and_other_context,Historical and other context,,inherited-dissertation,Historical source; approval/provenance varies,Retained dissertation/ANI/model-context figures and retired HTML views. Their original scope is preserved; they are not automatically current Early Earth manuscript evidence. Historical producer code and original labels are retained with the full dissertation source tree.,1x-first-cosine sim-bar3d,Catalog copy; source remains authoritative
Dissertation_figures/figures/forces/1x-first-cosine_sim-hist2d.png,Dissertation_figures/figures/forces/1x-first-cosine_sim-hist2d.png,graveyard/references/Dissertation_figures/figures/forces/1x-first-cosine_sim-hist2d.png,90_historical_and_other_context/dissertation-figures-forces__1x-first-cosine_sim-hist2d.png,d47095484892fb0a5824f8fa34cafad31e22d2c7af2f48a03571f576b8cf2236,62459,png,90_historical_and_other_context,Historical and other context,,inherited-dissertation,Historical source; approval/provenance varies,Retained dissertation/ANI/model-context figures and retired HTML views. Their original scope is preserved; they are not automatically current Early Earth manuscript evidence. Historical producer code and original labels are retained with the full dissertation source tree.,1x-first-cosine sim-hist2d,Catalog copy; source remains authoritative
Dissertation_figures/figures/forces/2xr_comp6v1_force-cosine_sim-bar3d-logscale.png,Dissertation_figures/figures/forces/2xr_comp6v1_force-cosine_sim-bar3d-logscale.png,graveyard/references/Dissertation_figures/figures/forces/2xr_comp6v1_force-cosine_sim-bar3d-logscale.png,90_historical_and_other_context/dissertation-figures-forces__2xr_comp6v1_force-cosine_sim-bar3d-logscale.png,ee484c41510f0164bc898375fce29eb8adc61c63920f9be1f173afb732e8e874,507948,png,90_historical_and_other_context,Historical and other context,,inherited-dissertation,Historical source; approval/provenance varies,Retained dissertation/ANI/model-context figures and retired HTML views. Their original scope is preserved; they are not automatically current Early Earth manuscript evidence. Historical producer code and original labels are retained with the full dissertation source tree.,2xr comp6v1 force-cosine sim-bar3d-logscale,Catalog copy; source remains authoritative
Dissertation_figures/figures/forces/2xr_comp6v1_force-cosine_sim-bar3d.png,Dissertation_figures/figures/forces/2xr_comp6v1_force-cosine_sim-bar3d.png,graveyard/references/Dissertation_figures/figures/forces/2xr_comp6v1_force-cosine_sim-bar3d.png,90_historical_and_other_context/dissertation-figures-forces__2xr_comp6v1_force-cosine_sim-bar3d.png,c6ce96cba283cd3c2f07d01fad4a7922226f5eca64a7de5b1ee34a0af2d6369d,554853,png,90_historical_and_other_context,Historical and other context,,inherited-dissertation,Historical source; approval/provenance varies,Retained dissertation/ANI/model-context figures and retired HTML views. Their original scope is preserved; they are not automatically current Early Earth manuscript evidence. Historical producer code and original labels are retained with the full dissertation source tree.,2xr comp6v1 force-cosine sim-bar3d,Catalog copy; source remains authoritative
Dissertation_figures/figures/forces/2xr_comp6v1_force-cosine_sim-hist2d.png,Dissertation_figures/figures/forces/2xr_comp6v1_force-cosine_sim-hist2d.png,graveyard/references/Dissertation_figures/figures/forces/2xr_comp6v1_force-cosine_sim-hist2d.png,90_historical_and_other_context/dissertation-figures-forces__2xr_comp6v1_force-cosine_sim-hist2d.png,1b6552b882a4f0cb778c4a21b25ece3e7436c35ced211f97412659bf3905f213,65407,png,90_historical_and_other_context,Historical and other context,,inherited-dissertation,Historical source; approval/provenance varies,Retained dissertation/ANI/model-context figures and retired HTML views. Their original scope is preserved; they are not automatically current Early Earth manuscript evidence. Historical producer code and original labels are retained with the full dissertation source tree.,2xr comp6v1 force-cosine sim-hist2d,Catalog copy; source remains authoritative
Dissertation_figures/figures/forces/2xr_comp6v1_force-dft-vs-mean_ani.png,Dissertation_figures/figures/forces/2xr_comp6v1_force-dft-vs-mean_ani.png,graveyard/references/Dissertation_figures/figures/forces/2xr_comp6v1_force-dft-vs-mean_ani.png,90_historical_and_other_context/dissertation-figures-forces__2xr_comp6v1_force-dft-vs-mean_ani.png,552d6d039adf1328627b77b3af2d4dacb0eb8ee49465f458a57d12075cab74e1,118178,png,90_historical_and_other_context,Historical and other context,,inherited-dissertation,Historical source; approval/provenance varies,Retained dissertation/ANI/model-context figures and retired HTML views. Their original scope is preserved; they are not automatically current Early Earth manuscript evidence. Historical producer code and original labels are retained with the full dissertation source tree.,2xr comp6v1 force-dft-vs-mean ani,Catalog copy; source remains authoritative
Dissertation_figures/figures/forces/2xr_comp6v1_force-highest-force_deviation-vs-energy.png,Dissertation_figures/figures/forces/2xr_comp6v1_force-highest-force_deviation-vs-energy.png,graveyard/references/Dissertation_figures/figures/forces/2xr_comp6v1_force-highest-force_deviation-vs-energy.png,90_historical_and_other_context/dissertation-figures-forces__2xr_comp6v1_force-highest-force_deviation-vs-energy.png,f1606141cf266745452816a99588fa54c3b6e0542ab4de1fb88f1cc09c399c75,118505,png,90_historical_and_other_context,Historical and other context,,inherited-dissertation,Historical source; approval/provenance varies,Retained dissertation/ANI/model-context figures and retired HTML views. Their original scope is preserved; they are not automatically current Early Earth manuscript evidence. Historical producer code and original labels are retained with the full dissertation source tree.,2xr comp6v1 force-highest-force deviation-vs-energy,Catalog copy; source remains authoritative
Dissertation_figures/figures/forces/2xr_comp6v1_force-mean-uncertainty-vs-energy.png,Dissertation_figures/figures/forces/2xr_comp6v1_force-mean-uncertainty-vs-energy.png,graveyard/references/Dissertation_figures/figures/forces/2xr_comp6v1_force-mean-uncertainty-vs-energy.png,90_historical_and_other_context/dissertation-figures-forces__2xr_comp6v1_force-mean-uncertainty-vs-energy.png,0f9f20cd7a69ccb8f678429c12574a8decfd3e8f4d62a002e231dd45f4c65f48,172220,png,90_historical_and_other_context,Historical and other context,,inherited-dissertation,Historical source; approval/provenance varies,Retained dissertation/ANI/model-context figures and retired HTML views. Their original scope is preserved; they are not automatically current Early Earth manuscript evidence. Historical producer code and original labels are retained with the full dissertation source tree.,2xr comp6v1 force-mean-uncertainty-vs-energy,Catalog copy; source remains authoritative
Dissertation_figures/figures/forces/2xr_comp6v1_force-uncertainty_violin.png,Dissertation_figures/figures/forces/2xr_comp6v1_force-uncertainty_violin.png,graveyard/references/Dissertation_figures/figures/forces/2xr_comp6v1_force-uncertainty_violin.png,90_historical_and_other_context/dissertation-figures-forces__2xr_comp6v1_force-uncertainty_violin.png,ec119f7dec0afad6b1f11a4d26ee7080fee0e35376478e929b79809b88c0e00a,110902,png,90_historical_and_other_context,Historical and other context,,inherited-dissertation,Historical source; approval/provenance varies,Retained dissertation/ANI/model-context figures and retired HTML views. Their original scope is preserved; they are not automatically current Early Earth manuscript evidence. Historical producer code and original labels are retained with the full dissertation source tree.,2xr comp6v1 force-uncertainty violin,Catalog copy; source remains authoritative
Dissertation_figures/figures/forces/2xr_comp6v1_force-weighted-uncertainty-vs-energy.png,Dissertation_figures/figures/forces/2xr_comp6v1_force-weighted-uncertainty-vs-energy.png,graveyard/references/Dissertation_figures/figures/forces/2xr_comp6v1_force-weighted-uncertainty-vs-energy.png,90_historical_and_other_context/dissertation-figures-forces__2xr_comp6v1_force-weighted-uncertainty-vs-energy.png,c2560b4b3211d01f30cba184c8b0dfdf8340757801f6f804847b0e3554bdfcad,169498,png,90_historical_and_other_context,Historical and other context,,inherited-dissertation,Historical source; approval/provenance varies,Retained dissertation/ANI/model-context figures and retired HTML views. Their original scope is preserved; they are not automatically current Early Earth manuscript evidence. Historical producer code and original labels are retained with the full dissertation source tree.,2xr comp6v1 force-weighted-uncertainty-vs-energy,Catalog copy; source remains authoritative
Dissertation_figures/figures/forces/2xr_comp6v1_mahalanobis-uncertainty-vs-energy.png,Dissertation_figures/figures/forces/2xr_comp6v1_mahalanobis-uncertainty-vs-energy.png,graveyard/references/Dissertation_figures/figures/forces/2xr_comp6v1_mahalanobis-uncertainty-vs-energy.png,90_historical_and_other_context/dissertation-figures-forces__2xr_comp6v1_mahalanobis-uncertainty-vs-energy.png,46d2aab3a4520211a6a8e6854e7999d6d912d6fbe3539a3aa78718570235f3aa,75551,png,90_historical_and_other_context,Historical and other context,,inherited-dissertation,Historical source; approval/provenance varies,Retained dissertation/ANI/model-context figures and retired HTML views. Their original scope is preserved; they are not automatically current Early Earth manuscript evidence. Historical producer code and original labels are retained with the full dissertation source tree.,2xr comp6v1 mahalanobis-uncertainty-vs-energy,Catalog copy; source remains authoritative
Dissertation_figures/figures/forces/2xr_force_just_stdev.png,Dissertation_figures/figures/forces/2xr_force_just_stdev.png,graveyard/references/Dissertation_figures/figures/forces/2xr_force_just_stdev.png,90_historical_and_other_context/dissertation-figures-forces__2xr_force_just_stdev.png,23997ecb7d3dddac72c67730d786f9d08f6d947055263960eef21a54f2c2714c,88648,png,90_historical_and_other_context,Historical and other context,,inherited-dissertation,Historical source; approval/provenance varies,Retained dissertation/ANI/model-context figures and retired HTML views. Their original scope is preserved; they are not automatically current Early Earth manuscript evidence. Historical producer code and original labels are retained with the full dissertation source tree.,2xr force just stdev,Catalog copy; source remains authoritative
Dissertation_figures/figures/forces/QBC_confusion.png,Dissertation_figures/figures/forces/QBC_confusion.png,graveyard/references/Dissertation_figures/figures/forces/QBC_confusion.png,90_historical_and_other_context/dissertation-figures-forces__QBC_confusion.png,a690d6ef68410da01d914faef0d2cb28e2cb42e1632ceba776558356cf9719b4,43473,png,90_historical_and_other_context,Historical and other context,,inherited-dissertation,Historical source; approval/provenance varies,Retained dissertation/ANI/model-context figures and retired HTML views. Their original scope is preserved; they are not automatically current Early Earth manuscript evidence. Historical producer code and original labels are retained with the full dissertation source tree.,QBC confusion,Catalog copy; source remains authoritative
Dissertation_figures/figures/forces/cos_sim-hist2d-insert.png,Dissertation_figures/figures/forces/cos_sim-hist2d-insert.png,graveyard/references/Dissertation_figures/figures/forces/cos_sim-hist2d-insert.png,90_historical_and_other_context/dissertation-figures-forces__cos_sim-hist2d-insert.png,49e7cbf3a2c725ce4d4402820d252cfe10a3b51639875634196b74d9255cc8ff,287610,png,90_historical_and_other_context,Historical and other context,,inherited-dissertation,Historical source; approval/provenance varies,Retained dissertation/ANI/model-context figures and retired HTML views. Their original scope is preserved; they are not automatically current Early Earth manuscript evidence. Historical producer code and original labels are retained with the full dissertation source tree.,cos sim-hist2d-insert,Catalog copy; source remains authoritative
Dissertation_figures/figures/forces/cos_sim_exponential_weighting-vs-energy.png,Dissertation_figures/figures/forces/cos_sim_exponential_weighting-vs-energy.png,graveyard/references/Dissertation_figures/figures/forces/cos_sim_exponential_weighting-vs-energy.png,90_historical_and_other_context/dissertation-figures-forces__cos_sim_exponential_weighting-vs-energy.png,962aae11b84df34dbf0ba68ccb29f8948920c2f512fe1a404aa99863e0118a2f,369821,png,90_historical_and_other_context,Historical and other context,,inherited-dissertation,Historical source; approval/provenance varies,Retained dissertation/ANI/model-context figures and retired HTML views. Their original scope is preserved; they are not automatically current Early Earth manuscript evidence. Historical producer code and original labels are retained with the full dissertation source tree.,cos sim exponential weighting-vs-energy,Catalog copy; source remains authoritative
Dissertation_figures/figures/forces/force_entropy-vs-energy.png,Dissertation_figures/figures/forces/force_entropy-vs-energy.png,graveyard/references/Dissertation_figures/figures/forces/force_entropy-vs-energy.png,90_historical_and_other_context/dissertation-figures-forces__force_entropy-vs-energy.png,78953c1b3cbef6ab764fdb4ac803f9c3566c3e5a369b067c6dcac5ffc2a9dc7b,81369,png,90_historical_and_other_context,Historical and other context,,inherited-dissertation,Historical source; approval/provenance varies,Retained dissertation/ANI/model-context figures and retired HTML views. Their original scope is preserved; they are not automatically current Early Earth manuscript evidence. Historical producer code and original labels are retained with the full dissertation source tree.,force entropy-vs-energy,Catalog copy; source remains authoritative
Dissertation_figures/figures/forces/force_stdev-vs-energy_error.png,Dissertation_figures/figures/forces/force_stdev-vs-energy_error.png,graveyard/references/Dissertation_figures/figures/forces/force_stdev-vs-energy_error.png,90_historical_and_other_context/dissertation-figures-forces__force_stdev-vs-energy_error.png,231b8cbf47b249328612a2f753a2233a62a528d965d3f81bf98a31eec66df5c3,180075,png,90_historical_and_other_context,Historical and other context,,inherited-dissertation,Historical source; approval/provenance varies,Retained dissertation/ANI/model-context figures and retired HTML views. Their original scope is preserved; they are not automatically current Early Earth manuscript evidence. Historical producer code and original labels are retained with the full dissertation source tree.,force stdev-vs-energy error,Catalog copy; source remains authoritative
Dissertation_figures/figures/forces/lines_weighted_force_stdev-vs-energy_error.png,Dissertation_figures/figures/forces/lines_weighted_force_stdev-vs-energy_error.png,graveyard/references/Dissertation_figures/figures/forces/lines_weighted_force_stdev-vs-energy_error.png,90_historical_and_other_context/dissertation-figures-forces__lines_weighted_force_stdev-vs-energy_error.png,5d0b5a269b6eeb9046ad3c183915ebc0dfa21501c4820554b4e99e20dbe782fb,165028,png,90_historical_and_other_context,Historical and other context,,inherited-dissertation,Historical source; approval/provenance varies,Retained dissertation/ANI/model-context figures and retired HTML views. Their original scope is preserved; they are not automatically current Early Earth manuscript evidence. Historical producer code and original labels are retained with the full dissertation source tree.,lines weighted force stdev-vs-energy error,Catalog copy; source remains authoritative
Dissertation_figures/figures/forces/max_force_deviation_by_species.png,Dissertation_figures/figures/forces/max_force_deviation_by_species.png,graveyard/references/Dissertation_figures/figures/forces/max_force_deviation_by_species.png,90_historical_and_other_context/dissertation-figures-forces__max_force_deviation_by_species.png,d071b3526e074058dd41997ca81ab3889ae2726d0df2e8e37d71d3732f4e4ecb,93996,png,90_historical_and_other_context,Historical and other context,,inherited-dissertation,Historical source; approval/provenance varies,Retained dissertation/ANI/model-context figures and retired HTML views. Their original scope is preserved; they are not automatically current Early Earth manuscript evidence. Historical producer code and original labels are retained with the full dissertation source tree.,max force deviation by species,Catalog copy; source remains authoritative
Dissertation_figures/figures/forces/max_force_deviation_by_species_filtered.png,Dissertation_figures/figures/forces/max_force_deviation_by_species_filtered.png,graveyard/references/Dissertation_figures/figures/forces/max_force_deviation_by_species_filtered.png,90_historical_and_other_context/dissertation-figures-forces__max_force_deviation_by_species_filtered.png,675720b336bd64476fe48852440ead67b6e93267e4ad6738164365ba276d06e7,183225,png,90_historical_and_other_context,Historical and other context,,inherited-dissertation,Historical source; approval/provenance varies,Retained dissertation/ANI/model-context figures and retired HTML views. Their original scope is preserved; they are not automatically current Early Earth manuscript evidence. Filtered means exclude starting compositions and single-total-atom fragments; inclusion/exclusion of hydrogen-only fragments is explicit in the view. Historical producer code and original labels are retained with the full dissertation source tree.,max force deviation by species filtered,Catalog copy; source remains authoritative
Dissertation_figures/figures/forces/max_force_deviation_by_species_subplots.png,Dissertation_figures/figures/forces/max_force_deviation_by_species_subplots.png,graveyard/references/Dissertation_figures/figures/forces/max_force_deviation_by_species_subplots.png,90_historical_and_other_context/dissertation-figures-forces__max_force_deviation_by_species_subplots.png,823db15ea99e0ef0b80e82d2d67c99f7dd668f1e42169435bd4bfbfa585d0307,154984,png,90_historical_and_other_context,Historical and other context,,inherited-dissertation,Historical source; approval/provenance varies,Retained dissertation/ANI/model-context figures and retired HTML views. Their original scope is preserved; they are not automatically current Early Earth manuscript evidence. Historical producer code and original labels are retained with the full dissertation source tree.,max force deviation by species subplots,Catalog copy; source remains authoritative
Dissertation_figures/figures/forces/mean-uncertainty-vs-energy.png,Dissertation_figures/figures/forces/mean-uncertainty-vs-energy.png,graveyard/references/Dissertation_figures/figures/forces/mean-uncertainty-vs-energy.png,90_historical_and_other_context/dissertation-figures-forces__mean-uncertainty-vs-energy.png,defde669711a5624d982fb71c98fda842c3574206261e2843a7c0806aea64eac,117584,png,90_historical_and_other_context,Historical and other context,,inherited-dissertation,Historical source; approval/provenance varies,Retained dissertation/ANI/model-context figures and retired HTML views. Their original scope is preserved; they are not automatically current Early Earth manuscript evidence. Historical producer code and original labels are retained with the full dissertation source tree.,mean-uncertainty-vs-energy,Catalog copy; source remains authoritative
Dissertation_figures/figures/forces/qbc-vs-energy_error.png,Dissertation_figures/figures/forces/qbc-vs-energy_error.png,graveyard/references/Dissertation_figures/figures/forces/qbc-vs-energy_error.png,90_historical_and_other_context/dissertation-figures-forces__qbc-vs-energy_error.png,c5da32034a473c1f99f761bf62dc215c9fc96bd7268b6499c549a7ecdc35fc33,161950,png,90_historical_and_other_context,Historical and other context,,inherited-dissertation,Historical source; approval/provenance varies,Retained dissertation/ANI/model-context figures and retired HTML views. Their original scope is preserved; they are not automatically current Early Earth manuscript evidence. Historical producer code and original labels are retained with the full dissertation source tree.,qbc-vs-energy error,Catalog copy; source remains authoritative
Dissertation_figures/figures/forces/weighted_force_confusion_matrix.png,Dissertation_figures/figures/forces/weighted_force_confusion_matrix.png,graveyard/references/Dissertation_figures/figures/forces/weighted_force_confusion_matrix.png,90_historical_and_other_context/dissertation-figures-forces__weighted_force_confusion_matrix.png,7680433a8cb5bf3d5714b138d887594724cae14a703f33d77e9b5e628fdbc163,44019,png,90_historical_and_other_context,Historical and other context,,inherited-dissertation,Historical source; approval/provenance varies,Retained dissertation/ANI/model-context figures and retired HTML views. Their original scope is preserved; they are not automatically current Early Earth manuscript evidence. Historical producer code and original labels are retained with the full dissertation source tree.,weighted force confusion matrix,Catalog copy; source remains authoritative
Dissertation_figures/figures/forces/weighted_force_stdev-vs-energy_error.png,Dissertation_figures/figures/forces/weighted_force_stdev-vs-energy_error.png,graveyard/references/Dissertation_figures/figures/forces/weighted_force_stdev-vs-energy_error.png,90_historical_and_other_context/dissertation-figures-forces__weighted_force_stdev-vs-energy_error.png,f904c8a9324f6b4082cf26cb96bff6d94d398ee2a23687ea161855752cbfadf4,162589,png,90_historical_and_other_context,Historical and other context,,inherited-dissertation,Historical source; approval/provenance varies,Retained dissertation/ANI/model-context figures and retired HTML views. Their original scope is preserved; they are not automatically current Early Earth manuscript evidence. Historical producer code and original labels are retained with the full dissertation source tree.,weighted force stdev-vs-energy error,Catalog copy; source remains authoritative
Dissertation_figures/figures/forces/weighted_uncertainty-vs-size_weighted_error.png,Dissertation_figures/figures/forces/weighted_uncertainty-vs-size_weighted_error.png,graveyard/references/Dissertation_figures/figures/forces/weighted_uncertainty-vs-size_weighted_error.png,90_historical_and_other_context/dissertation-figures-forces__weighted_uncertainty-vs-size_weighted_error.png,204a8817d4f67a9094b3e5969d067525f73ee705006f248e9e8a19bda5f892d2,117330,png,90_historical_and_other_context,Historical and other context,,inherited-dissertation,Historical source; approval/provenance varies,Retained dissertation/ANI/model-context figures and retired HTML views. Their original scope is preserved; they are not automatically current Early Earth manuscript evidence. Historical producer code and original labels are retained with the full dissertation source tree.,weighted uncertainty-vs-size weighted error,Catalog copy; source remains authoritative
Dissertation_figures/figures/forces/zoomed_2xr_comp6v1_force-dft-vs-mean_ani.png,Dissertation_figures/figures/forces/zoomed_2xr_comp6v1_force-dft-vs-mean_ani.png,graveyard/references/Dissertation_figures/figures/forces/zoomed_2xr_comp6v1_force-dft-vs-mean_ani.png,90_historical_and_other_context/dissertation-figures-forces__zoomed_2xr_comp6v1_force-dft-vs-mean_ani.png,1269bdf7fae270561759bcdc45a01e6a363dd93e6deaf401575a82464593af18,210086,png,90_historical_and_other_context,Historical and other context,,inherited-dissertation,Historical source; approval/provenance varies,Retained dissertation/ANI/model-context figures and retired HTML views. Their original scope is preserved; they are not automatically current Early Earth manuscript evidence. Historical producer code and original labels are retained with the full dissertation source tree.,zoomed 2xr comp6v1 force-dft-vs-mean ani,Catalog copy; source remains authoritative
Dissertation_figures/figures/ghost_atoms.png,Dissertation_figures/figures/ghost_atoms.png,graveyard/references/Dissertation_figures/figures/ghost_atoms.png,90_historical_and_other_context/dissertation-figures__ghost_atoms.png,07b57cd0b19bf0721ce98183e457f904d431b16ff8d137388afe012df6278e4e,161548,png,90_historical_and_other_context,Historical and other context,,inherited-dissertation,Historical source; approval/provenance varies,Retained dissertation/ANI/model-context figures and retired HTML views. Their original scope is preserved; they are not automatically current Early Earth manuscript evidence. Historical producer code and original labels are retained with the full dissertation source tree.,ghost atoms,Catalog copy; source remains authoritative
Dissertation_figures/figures/l-ala.png,Dissertation_figures/figures/l-ala.png,graveyard/references/Dissertation_figures/figures/l-ala.png,02_alanine_and_conformations/dissertation-figures__l-ala.png,486d9457ea76675e52723852e685b299d01c55290a7ceedcc3f03263d3fefe52,8988,png,02_alanine_and_conformations,Alanine and conformations,,inherited-dissertation,Historical source; approval/provenance varies,"Alanine orientation, improper torsion and coordinate illustrations. F10 reproduces the 438,986-structure population and modes; it does not assign absolute stereochemistry, equilibrium or stability. Historical producer code and original labels are retained with the full dissertation source tree.",l-ala,Catalog copy; source remains authoritative
Dissertation_figures/figures/long-epoxide-cropped.png,Dissertation_figures/figures/long-epoxide-cropped.png,graveyard/references/Dissertation_figures/figures/long-epoxide-cropped.png,90_historical_and_other_context/dissertation-figures__long-epoxide-cropped.png,ca249b70ca4cd24668838305604fec420f0ead91758c5ddfa178461c0a7791dc,108285,png,90_historical_and_other_context,Historical and other context,,inherited-dissertation,Historical source; approval/provenance varies,Retained dissertation/ANI/model-context figures and retired HTML views. Their original scope is preserved; they are not automatically current Early Earth manuscript evidence. Historical producer code and original labels are retained with the full dissertation source tree.,long-epoxide-cropped,Catalog copy; source remains authoritative
Dissertation_figures/figures/long-epoxide.png,Dissertation_figures/figures/long-epoxide.png,graveyard/references/Dissertation_figures/figures/long-epoxide.png,90_historical_and_other_context/dissertation-figures__long-epoxide.png,82c9c81da0f7998bc8b5283f8acadac067f69116ba087c6aa79c41a4ee6fbe7a,141178,png,90_historical_and_other_context,Historical and other context,,inherited-dissertation,Historical source; approval/provenance varies,Retained dissertation/ANI/model-context figures and retired HTML views. Their original scope is preserved; they are not automatically current Early Earth manuscript evidence. Historical producer code and original labels are retained with the full dissertation source tree.,long-epoxide,Catalog copy; source remains authoritative
Dissertation_figures/figures/m-epoxide-cropped.png,Dissertation_figures/figures/m-epoxide-cropped.png,graveyard/references/Dissertation_figures/figures/m-epoxide-cropped.png,90_historical_and_other_context/dissertation-figures__m-epoxide-cropped.png,4246f745097ef3cae655552e4da13392da858488a036ae9ad0362c3cc0cc557c,105892,png,90_historical_and_other_context,Historical and other context,,inherited-dissertation,Historical source; approval/provenance varies,Retained dissertation/ANI/model-context figures and retired HTML views. Their original scope is preserved; they are not automatically current Early Earth manuscript evidence. Historical producer code and original labels are retained with the full dissertation source tree.,m-epoxide-cropped,Catalog copy; source remains authoritative
Dissertation_figures/figures/m-epoxide.png,Dissertation_figures/figures/m-epoxide.png,graveyard/references/Dissertation_figures/figures/m-epoxide.png,90_historical_and_other_context/dissertation-figures__m-epoxide.png,61d49a9241f883f8b2f7996d91d27344f469e89590ec27f84cd37c7229cb552e,111649,png,90_historical_and_other_context,Historical and other context,,inherited-dissertation,Historical source; approval/provenance varies,Retained dissertation/ANI/model-context figures and retired HTML views. Their original scope is preserved; they are not automatically current Early Earth manuscript evidence. Historical producer code and original labels are retained with the full dissertation source tree.,m-epoxide,Catalog copy; source remains authoritative
Dissertation_figures/figures/nn_arch.png,Dissertation_figures/figures/nn_arch.png,graveyard/references/Dissertation_figures/figures/nn_arch.png,90_historical_and_other_context/dissertation-figures__nn_arch.png,2f1f83af51405cd9c4ccbbb97dde25272a038cf0b43bf37a1a6a647799db3d8f,216363,png,90_historical_and_other_context,Historical and other context,,inherited-dissertation,Historical source; approval/provenance varies,Retained dissertation/ANI/model-context figures and retired HTML views. Their original scope is preserved; they are not automatically current Early Earth manuscript evidence. Historical producer code and original labels are retained with the full dissertation source tree.,nn arch,Catalog copy; source remains authoritative
Dissertation_figures/non_2xr/figures/2x_1x-first_ae-per-model.png,Dissertation_figures/non_2xr/figures/2x_1x-first_ae-per-model.png,graveyard/references/Dissertation_figures/non_2xr/figures/2x_1x-first_ae-per-model.png,90_historical_and_other_context/dissertation-non_2xr-figures__2x_1x-first_ae-per-model.png,ef5f271d0c5f7ef6417f04e0fe31e1e5134146e1394e210eca02d4e46521394b,544159,png,90_historical_and_other_context,Historical and other context,,inherited-dissertation,Historical source; approval/provenance varies,Retained dissertation/ANI/model-context figures and retired HTML views. Their original scope is preserved; they are not automatically current Early Earth manuscript evidence. Historical producer code and original labels are retained with the full dissertation source tree.,2x 1x-first ae-per-model,Catalog copy; source remains authoritative
Dissertation_figures/non_2xr/figures/2x_1x-first_mean-ae-per-atomtype.png,Dissertation_figures/non_2xr/figures/2x_1x-first_mean-ae-per-atomtype.png,graveyard/references/Dissertation_figures/non_2xr/figures/2x_1x-first_mean-ae-per-atomtype.png,90_historical_and_other_context/dissertation-non_2xr-figures__2x_1x-first_mean-ae-per-atomtype.png,c7a02f7de442d567c7528a76c8c6a85847e9f1f61bd0ce31c4ebb6751fb7cecf,251248,png,90_historical_and_other_context,Historical and other context,,inherited-dissertation,Historical source; approval/provenance varies,Retained dissertation/ANI/model-context figures and retired HTML views. Their original scope is preserved; they are not automatically current Early Earth manuscript evidence. Historical producer code and original labels are retained with the full dissertation source tree.,2x 1x-first mean-ae-per-atomtype,Catalog copy; source remains authoritative
Dissertation_figures/non_2xr/figures/2x_1x-first_stdev-ae-per-atomtype.png,Dissertation_figures/non_2xr/figures/2x_1x-first_stdev-ae-per-atomtype.png,graveyard/references/Dissertation_figures/non_2xr/figures/2x_1x-first_stdev-ae-per-atomtype.png,90_historical_and_other_context/dissertation-non_2xr-figures__2x_1x-first_stdev-ae-per-atomtype.png,af9558732b4273dabbb11a17d8dd2d38398169de728b85645075464888d098c0,262505,png,90_historical_and_other_context,Historical and other context,,inherited-dissertation,Historical source; approval/provenance varies,Retained dissertation/ANI/model-context figures and retired HTML views. Their original scope is preserved; they are not automatically current Early Earth manuscript evidence. Historical producer code and original labels are retained with the full dissertation source tree.,2x 1x-first stdev-ae-per-atomtype,Catalog copy; source remains authoritative
Dissertation_figures/non_2xr/figures/2x_1x-first_total-e-qbc.png,Dissertation_figures/non_2xr/figures/2x_1x-first_total-e-qbc.png,graveyard/references/Dissertation_figures/non_2xr/figures/2x_1x-first_total-e-qbc.png,90_historical_and_other_context/dissertation-non_2xr-figures__2x_1x-first_total-e-qbc.png,e605a34602bcfd986bfa3693ef0846a57ee1fb3290990b568e92f5a62a496c94,56987,png,90_historical_and_other_context,Historical and other context,,inherited-dissertation,Historical source; approval/provenance varies,Retained dissertation/ANI/model-context figures and retired HTML views. Their original scope is preserved; they are not automatically current Early Earth manuscript evidence. Historical producer code and original labels are retained with the full dissertation source tree.,2x 1x-first total-e-qbc,Catalog copy; source remains authoritative
data/core/connectivity/stride100_analysis/census_overview.png,data/core/connectivity/stride100_analysis/census_overview.png,retained-inputs/release/data/core/connectivity/stride100_analysis/census_overview.png,05_composition_recurrence_and_topology/frozen-core-connectivity-stride100_analysis__census_overview.png,d9d5dcd7ab70b2bea9255f1910e1ba4fa8e9b384604f52e93627a2ba620e64be,272008,png,05_composition_recurrence_and_topology,"Composition, recurrence and topology",,frozen-evidence,Copy of frozen evidence,"Variety versus abundance, compositions, architecture, recurrence and topology motifs. Emitted strings, exact graphs and fragment occurrences have different denominators. F18 motifs are topology and clusters are browsing aids.",census overview,Immutable copy; retained original unchanged
data/core/connectivity/stride200_analysis/census_overview.png,data/core/connectivity/stride200_analysis/census_overview.png,retained-inputs/release/data/core/connectivity/stride200_analysis/census_overview.png,05_composition_recurrence_and_topology/frozen-core-connectivity-stride200_analysis__census_overview.png,9253e1d330620ad2d860fa8dff0177657f1f7bb35ea551596e3a201f497e5b95,268019,png,05_composition_recurrence_and_topology,"Composition, recurrence and topology",,frozen-evidence,Copy of frozen evidence,"Variety versus abundance, compositions, architecture, recurrence and topology motifs. Emitted strings, exact graphs and fragment occurrences have different denominators. F18 motifs are topology and clusters are browsing aids.",census overview,Immutable copy; retained original unchanged
data/core/connectivity/stride200_analysis/diversity/chemical_diversity_overview.png,data/core/connectivity/stride200_analysis/diversity/chemical_diversity_overview.png,retained-inputs/release/data/core/connectivity/stride200_analysis/diversity/chemical_diversity_overview.png,05_composition_recurrence_and_topology/frozen-core-connectivity-stride200_analysis-diversity__chemical_diversity_overview.png,bc72a99d502989122ae1f0646d1520ca175fa475856ebd1fe0c95914d7282a24,292757,png,05_composition_recurrence_and_topology,"Composition, recurrence and topology",,frozen-evidence,Copy of frozen evidence,"Variety versus abundance, compositions, architecture, recurrence and topology motifs. Emitted strings, exact graphs and fragment occurrences have different denominators. F18 motifs are topology and clusters are browsing aids.",chemical diversity overview,Immutable copy; retained original unchanged
data/core/connectivity/stride200_analysis/representative_review/index.html,data/core/connectivity/stride200_analysis/representative_review/index.html,retained-inputs/release/data/core/connectivity/stride200_analysis/representative_review/index.html,90_historical_and_other_context/frozen-core-connectivity-stride200_analysis-representative_review__index.html,327a84e3ed56a324c65ca1efc093e590dd26224b9d1b1a945e8982139949fbdf,2196670,html,90_historical_and_other_context,Historical and other context,,frozen-evidence,Copy of frozen evidence,Retained dissertation/ANI/model-context figures and retired HTML views. Their original scope is preserved; they are not automatically current Early Earth manuscript evidence.,index,Immutable copy; retained original unchanged
data/selected_events/quench/frame_0447_report/hot.html,data/selected_events/quench/frame_0447_report/hot.html,retained-inputs/release/data/selected_events/quench/frame_0447_report/hot.html,90_historical_and_other_context/frozen-selected_events-quench-frame_0447_report__hot.html,b23da7766f7734a75ac85867f59733bfd6c0f4b08f7b2d5cdd9e89f62cd00353,1145880,html,90_historical_and_other_context,Historical and other context,,frozen-evidence,Copy of frozen evidence,Retained dissertation/ANI/model-context figures and retired HTML views. Their original scope is preserved; they are not automatically current Early Earth manuscript evidence.,hot,Immutable copy; retained original unchanged
data/selected_events/quench/frame_0447_report/quenched.html,data/selected_events/quench/frame_0447_report/quenched.html,retained-inputs/release/data/selected_events/quench/frame_0447_report/quenched.html,04_quench_and_fragment_size/frozen-selected_events-quench-frame_0447_report__quenched.html,c364bc22c1bce121003e8abf27ff1866da5df65f78848e0c9a564d2caa45157c,1633522,html,04_quench_and_fragment_size,Quench and fragment size,,frozen-evidence,Copy of frozen evidence,"Paired hot/quench sizes and connectivity examples, including heavy-atom alternatives. Production endpoints are independent 25-fs quenches; historical shared-412 comparisons use 250-fs endpoints. Author selection remains open.",quenched,Immutable copy; retained original unchanged
early_earth_analysis_v2/analysis/advisor_figures/exploration/G01_historical_mean_size_time_density.png,early_earth_analysis_v2/analysis/advisor_figures/exploration/G01_historical_mean_size_time_density.png,early_earth_analysis_v2/analysis/advisor_figures/exploration/G01_historical_mean_size_time_density.png,04_quench_and_fragment_size/advisor_figures-exploration__G01_historical_mean_size_time_density.png,ad94441e260b43fbf62695b8dea617fe66378ed0a9502f26ef4359f295dffd88,173793,png,04_quench_and_fragment_size,Quench and fragment size,G01,exploration-gallery,Working/review asset; author selection open,"Paired hot/quench sizes and connectivity examples, including heavy-atom alternatives. Production endpoints are independent 25-fs quenches; historical shared-412 comparisons use 250-fs endpoints. Author selection remains open.",G01 historical mean size time density,Catalog copy; source remains authoritative
early_earth_analysis_v2/analysis/advisor_figures/exploration/G02_historical_largest_time_density.png,early_earth_analysis_v2/analysis/advisor_figures/exploration/G02_historical_largest_time_density.png,early_earth_analysis_v2/analysis/advisor_figures/exploration/G02_historical_largest_time_density.png,04_quench_and_fragment_size/advisor_figures-exploration__G02_historical_largest_time_density.png,f0f3741cdc3c8e4f6fd0ca303b374a505fe19c818665b447f4673f65946dda80,184102,png,04_quench_and_fragment_size,Quench and fragment size,G02,exploration-gallery,Working/review asset; author selection open,"Paired hot/quench sizes and connectivity examples, including heavy-atom alternatives. Production endpoints are independent 25-fs quenches; historical shared-412 comparisons use 250-fs endpoints. Author selection remains open.",G02 historical largest time density,Catalog copy; source remains authoritative
early_earth_analysis_v2/analysis/advisor_figures/exploration/G03_historical_paired_density.png,early_earth_analysis_v2/analysis/advisor_figures/exploration/G03_historical_paired_density.png,early_earth_analysis_v2/analysis/advisor_figures/exploration/G03_historical_paired_density.png,04_quench_and_fragment_size/advisor_figures-exploration__G03_historical_paired_density.png,a779d33b93e8037a21d17d6a0409df57c86776e3cf479a1d7a01872b9288efdc,198875,png,04_quench_and_fragment_size,Quench and fragment size,G03,exploration-gallery,Working/review asset; author selection open,"Paired hot/quench sizes and connectivity examples, including heavy-atom alternatives. Production endpoints are independent 25-fs quenches; historical shared-412 comparisons use 250-fs endpoints. Author selection remains open.",G03 historical paired density,Catalog copy; source remains authoritative
early_earth_analysis_v2/analysis/advisor_figures/exploration/G04_historical_delta_time_density.png,early_earth_analysis_v2/analysis/advisor_figures/exploration/G04_historical_delta_time_density.png,early_earth_analysis_v2/analysis/advisor_figures/exploration/G04_historical_delta_time_density.png,04_quench_and_fragment_size/advisor_figures-exploration__G04_historical_delta_time_density.png,d8d10c6fa80435b6da31af22dda10760a1198369ae75304cd6306df2ee6080ee,209030,png,04_quench_and_fragment_size,Quench and fragment size,G04,exploration-gallery,Working/review asset; author selection open,"Paired hot/quench sizes and connectivity examples, including heavy-atom alternatives. Production endpoints are independent 25-fs quenches; historical shared-412 comparisons use 250-fs endpoints. Author selection remains open.",G04 historical delta time density,Catalog copy; source remains authoritative
early_earth_analysis_v2/analysis/advisor_figures/exploration/G05_historical_named_match_gallery.png,early_earth_analysis_v2/analysis/advisor_figures/exploration/G05_historical_named_match_gallery.png,early_earth_analysis_v2/analysis/advisor_figures/exploration/G05_historical_named_match_gallery.png,04_quench_and_fragment_size/advisor_figures-exploration__G05_historical_named_match_gallery.png,24b5473674c84c3b70a52516071f4801d62c91b5204fb47b1b096335600ce473,430442,png,04_quench_and_fragment_size,Quench and fragment size,G05,exploration-gallery,Working/review asset; author selection open,"Paired hot/quench sizes and connectivity examples, including heavy-atom alternatives. Production endpoints are independent 25-fs quenches; historical shared-412 comparisons use 250-fs endpoints. Author selection remains open.",G05 historical named match gallery,Catalog copy; source remains authoritative
early_earth_analysis_v2/analysis/advisor_figures/exploration/G06_production_mean_size_time_density.png,early_earth_analysis_v2/analysis/advisor_figures/exploration/G06_production_mean_size_time_density.png,early_earth_analysis_v2/analysis/advisor_figures/exploration/G06_production_mean_size_time_density.png,04_quench_and_fragment_size/advisor_figures-exploration__G06_production_mean_size_time_density.png,cf00432b859f846c908118f5a75bc4f83dfb7ee3d082531ea058b82a1916947e,147225,png,04_quench_and_fragment_size,Quench and fragment size,G06,exploration-gallery,Working/review asset; author selection open,"Paired hot/quench sizes and connectivity examples, including heavy-atom alternatives. Production endpoints are independent 25-fs quenches; historical shared-412 comparisons use 250-fs endpoints. Author selection remains open.",G06 production mean size time density,Catalog copy; source remains authoritative
early_earth_analysis_v2/analysis/advisor_figures/exploration/G07_production_mean_size_pair_density.png,early_earth_analysis_v2/analysis/advisor_figures/exploration/G07_production_mean_size_pair_density.png,early_earth_analysis_v2/analysis/advisor_figures/exploration/G07_production_mean_size_pair_density.png,04_quench_and_fragment_size/advisor_figures-exploration__G07_production_mean_size_pair_density.png,e6cebc30bdd5accc5c26b80122fdd9725d7e680b397eb473007acb20f684f4e7,175891,png,04_quench_and_fragment_size,Quench and fragment size,G07,exploration-gallery,Working/review asset; author selection open,"Paired hot/quench sizes and connectivity examples, including heavy-atom alternatives. Production endpoints are independent 25-fs quenches; historical shared-412 comparisons use 250-fs endpoints. Author selection remains open.",G07 production mean size pair density,Catalog copy; source remains authoritative
early_earth_analysis_v2/analysis/advisor_figures/exploration/G08_production_transition_density.png,early_earth_analysis_v2/analysis/advisor_figures/exploration/G08_production_transition_density.png,early_earth_analysis_v2/analysis/advisor_figures/exploration/G08_production_transition_density.png,04_quench_and_fragment_size/advisor_figures-exploration__G08_production_transition_density.png,5d5c560fef96e8bed59cf86e33286339fe925c67223b1c42f8ba42ff9896224c,290538,png,04_quench_and_fragment_size,Quench and fragment size,G08,exploration-gallery,Working/review asset; author selection open,"Paired hot/quench sizes and connectivity examples, including heavy-atom alternatives. Production endpoints are independent 25-fs quenches; historical shared-412 comparisons use 250-fs endpoints. Author selection remains open.",G08 production transition density,Catalog copy; source remains authoritative
early_earth_analysis_v2/analysis/advisor_figures/exploration/G09_production_bond_change_time_density.png,early_earth_analysis_v2/analysis/advisor_figures/exploration/G09_production_bond_change_time_density.png,early_earth_analysis_v2/analysis/advisor_figures/exploration/G09_production_bond_change_time_density.png,04_quench_and_fragment_size/advisor_figures-exploration__G09_production_bond_change_time_density.png,25955d2418adc811ef50770bbb1c65fbb91024b37eaf1101e1b291a2ab5e6694,164821,png,04_quench_and_fragment_size,Quench and fragment size,G09,exploration-gallery,Working/review asset; author selection open,"Paired hot/quench sizes and connectivity examples, including heavy-atom alternatives. Production endpoints are independent 25-fs quenches; historical shared-412 comparisons use 250-fs endpoints. Author selection remains open.",G09 production bond change time density,Catalog copy; source remains authoritative
early_earth_analysis_v2/analysis/advisor_figures/exploration/G10_smiles_occurrence_density.png,early_earth_analysis_v2/analysis/advisor_figures/exploration/G10_smiles_occurrence_density.png,early_earth_analysis_v2/analysis/advisor_figures/exploration/G10_smiles_occurrence_density.png,05_composition_recurrence_and_topology/advisor_figures-exploration__G10_smiles_occurrence_density.png,50d98653a6ec92282a7c215217f4d4b6e67a693447d56af01b9f9fa46defdbce,273088,png,05_composition_recurrence_and_topology,"Composition, recurrence and topology",G10,exploration-gallery,Working/review asset; author selection open,"Variety versus abundance, compositions, architecture, recurrence and topology motifs. Emitted strings, exact graphs and fragment occurrences have different denominators. F18 motifs are topology and clusters are browsing aids.",G10 smiles occurrence density,Catalog copy; source remains authoritative
early_earth_analysis_v2/analysis/advisor_figures/exploration/G11_historical_production_distribution_comparison.png,early_earth_analysis_v2/analysis/advisor_figures/exploration/G11_historical_production_distribution_comparison.png,early_earth_analysis_v2/analysis/advisor_figures/exploration/G11_historical_production_distribution_comparison.png,04_quench_and_fragment_size/advisor_figures-exploration__G11_historical_production_distribution_comparison.png,a9c7838b1244d9934a0df5d1a44db43e95e0c6f9c1d39abf998c991fee0a51b5,108473,png,04_quench_and_fragment_size,Quench and fragment size,G11,exploration-gallery,Working/review asset; author selection open,"Paired hot/quench sizes and connectivity examples, including heavy-atom alternatives. Production endpoints are independent 25-fs quenches; historical shared-412 comparisons use 250-fs endpoints. Author selection remains open.",G11 historical production distribution comparison,Catalog copy; source remains authoritative
early_earth_analysis_v2/analysis/advisor_figures/notebook/exploration/advisor_requests/F12_mean_size_vs_frame.png,early_earth_analysis_v2/analysis/advisor_figures/notebook/exploration/advisor_requests/F12_mean_size_vs_frame.png,early_earth_analysis_v2/analysis/advisor_figures/notebook/exploration/advisor_requests/F12_mean_size_vs_frame.png,04_quench_and_fragment_size/advisor_figures-notebook-exploration-advisor_requests__F12_mean_size_vs_frame.png,5d6b5a07796199d103d0037fb4186f456d8315ac2c21413d427baa701bfbdb6f,120029,png,04_quench_and_fragment_size,Quench and fragment size,F12,notebook-exploration,Working/review asset; author selection open,"Paired hot/quench sizes and connectivity examples, including heavy-atom alternatives. Production endpoints are independent 25-fs quenches; historical shared-412 comparisons use 250-fs endpoints. Author selection remains open.",F12 mean size vs frame,Catalog copy; source remains authoritative
early_earth_analysis_v2/analysis/advisor_figures/notebook/exploration/advisor_requests/F13_largest_size_vs_frame.png,early_earth_analysis_v2/analysis/advisor_figures/notebook/exploration/advisor_requests/F13_largest_size_vs_frame.png,early_earth_analysis_v2/analysis/advisor_figures/notebook/exploration/advisor_requests/F13_largest_size_vs_frame.png,04_quench_and_fragment_size/advisor_figures-notebook-exploration-advisor_requests__F13_largest_size_vs_frame.png,f39bcf824577368975dc926880a44ac9c47bde41f27817641561cc952fcf9929,414873,png,04_quench_and_fragment_size,Quench and fragment size,F13,notebook-exploration,Working/review asset; author selection open,"Paired hot/quench sizes and connectivity examples, including heavy-atom alternatives. Production endpoints are independent 25-fs quenches; historical shared-412 comparisons use 250-fs endpoints. Author selection remains open.",F13 largest size vs frame,Catalog copy; source remains authoritative
early_earth_analysis_v2/analysis/advisor_figures/notebook/exploration/advisor_requests/F14_coordinates_2d.png,early_earth_analysis_v2/analysis/advisor_figures/notebook/exploration/advisor_requests/F14_coordinates_2d.png,early_earth_analysis_v2/analysis/advisor_figures/notebook/exploration/advisor_requests/F14_coordinates_2d.png,04_quench_and_fragment_size/advisor_figures-notebook-exploration-advisor_requests__F14_coordinates_2d.png,0b377454a827141401e41911e70260b305aa21ae79c83e3c25e10a00957c9bc4,102703,png,04_quench_and_fragment_size,Quench and fragment size,F14,notebook-exploration,Working/review asset; author selection open,"Paired hot/quench sizes and connectivity examples, including heavy-atom alternatives. Production endpoints are independent 25-fs quenches; historical shared-412 comparisons use 250-fs endpoints. Author selection remains open.",F14 coordinates 2d,Catalog copy; source remains authoritative
early_earth_analysis_v2/analysis/advisor_figures/notebook/exploration/advisor_requests/F14_coordinates_3d.png,early_earth_analysis_v2/analysis/advisor_figures/notebook/exploration/advisor_requests/F14_coordinates_3d.png,early_earth_analysis_v2/analysis/advisor_figures/notebook/exploration/advisor_requests/F14_coordinates_3d.png,04_quench_and_fragment_size/advisor_figures-notebook-exploration-advisor_requests__F14_coordinates_3d.png,eb4aae1608710fe114516b36310621ebbc27506fbe21912ee3e1962e6dfe0dd3,115090,png,04_quench_and_fragment_size,Quench and fragment size,F14,notebook-exploration,Working/review asset; author selection open,"Paired hot/quench sizes and connectivity examples, including heavy-atom alternatives. Production endpoints are independent 25-fs quenches; historical shared-412 comparisons use 250-fs endpoints. Author selection remains open.",F14 coordinates 3d,Catalog copy; source remains authoritative
early_earth_analysis_v2/analysis/advisor_figures/notebook/exploration/advisor_requests/F15_functional_group_counts.png,early_earth_analysis_v2/analysis/advisor_figures/notebook/exploration/advisor_requests/F15_functional_group_counts.png,early_earth_analysis_v2/analysis/advisor_figures/notebook/exploration/advisor_requests/F15_functional_group_counts.png,99_withdrawn_and_encoding_diagnostics/advisor_figures-notebook-exploration-advisor_requests__F15_functional_group_counts.png,ba670c8669f2fd414f7e2e421791b6520134683bdecc954d3242ed6222058e2a,69113,png,99_withdrawn_and_encoding_diagnostics,Withdrawn and encoding diagnostics,F15,notebook-exploration,Withdrawn chemical census / encoding diagnostic,F15 conventional functional-group counts are withdrawn as a chemical census. SINGLE-edge encoding causes false negatives and misleading matches. These assets support representation diagnosis only.,F15 functional group counts,Catalog copy; source remains authoritative
early_earth_analysis_v2/analysis/advisor_figures/notebook/exploration/advisor_requests/F15_group_overlap.png,early_earth_analysis_v2/analysis/advisor_figures/notebook/exploration/advisor_requests/F15_group_overlap.png,early_earth_analysis_v2/analysis/advisor_figures/notebook/exploration/advisor_requests/F15_group_overlap.png,99_withdrawn_and_encoding_diagnostics/advisor_figures-notebook-exploration-advisor_requests__F15_group_overlap.png,bddfa7617c305f2419550f23fb7f20c9a6a69999d85bc202924c9a9fc0310cda,76828,png,99_withdrawn_and_encoding_diagnostics,Withdrawn and encoding diagnostics,F15,notebook-exploration,Withdrawn chemical census / encoding diagnostic,F15 conventional functional-group counts are withdrawn as a chemical census. SINGLE-edge encoding causes false negatives and misleading matches. These assets support representation diagnosis only.,F15 group overlap,Catalog copy; source remains authoritative
early_earth_analysis_v2/analysis/advisor_figures/notebook/exploration/advisor_requests/F17_variety_vs_abundance.png,early_earth_analysis_v2/analysis/advisor_figures/notebook/exploration/advisor_requests/F17_variety_vs_abundance.png,early_earth_analysis_v2/analysis/advisor_figures/notebook/exploration/advisor_requests/F17_variety_vs_abundance.png,05_composition_recurrence_and_topology/advisor_figures-notebook-exploration-advisor_requests__F17_variety_vs_abundance.png,d9127279f51e393a62b4cb6dc906c2ad06c6fd9825c9bb9a96ee34a4d4afd64d,90973,png,05_composition_recurrence_and_topology,"Composition, recurrence and topology",F17,notebook-exploration,Working/review asset; author selection open,"Variety versus abundance, compositions, architecture, recurrence and topology motifs. Emitted strings, exact graphs and fragment occurrences have different denominators. F18 motifs are topology and clusters are browsing aids.",F17 variety vs abundance,Catalog copy; source remains authoritative
early_earth_analysis_v2/analysis/advisor_figures/notebook/exploration/advisor_requests/paired_size_comparison.png,early_earth_analysis_v2/analysis/advisor_figures/notebook/exploration/advisor_requests/paired_size_comparison.png,early_earth_analysis_v2/analysis/advisor_figures/notebook/exploration/advisor_requests/paired_size_comparison.png,04_quench_and_fragment_size/advisor_figures-notebook-exploration-advisor_requests__paired_size_comparison.png,b1e2c7915464825954b7186303cdbfce19cb6da031c84605fd993360a9b8535a,111395,png,04_quench_and_fragment_size,Quench and fragment size,,notebook-exploration,Working/review asset; author selection open,"Paired hot/quench sizes and connectivity examples, including heavy-atom alternatives. Production endpoints are independent 25-fs quenches; historical shared-412 comparisons use 250-fs endpoints. Author selection remains open.",paired size comparison,Catalog copy; source remains authoritative
early_earth_analysis_v2/analysis/advisor_figures/notebook/exploration/connectivity_patterns/F18_architecture_variety_abundance.png,early_earth_analysis_v2/analysis/advisor_figures/notebook/exploration/connectivity_patterns/F18_architecture_variety_abundance.png,early_earth_analysis_v2/analysis/advisor_figures/notebook/exploration/connectivity_patterns/F18_architecture_variety_abundance.png,05_composition_recurrence_and_topology/advisor_figures-notebook-exploration-connectivity_patterns__F18_architecture_variety_abundance.png,c04f5b06a17232dfce0f9879d6f4eac4095e40ab908765e754447c507b4b9840,80566,png,05_composition_recurrence_and_topology,"Composition, recurrence and topology",F18,notebook-exploration,Working/review asset; author selection open,"Variety versus abundance, compositions, architecture, recurrence and topology motifs. Emitted strings, exact graphs and fragment occurrences have different denominators. F18 motifs are topology and clusters are browsing aids.",F18 architecture variety abundance,Catalog copy; source remains authoritative
early_earth_analysis_v2/analysis/advisor_figures/notebook/exploration/connectivity_patterns/F18_composition_variety_abundance.png,early_earth_analysis_v2/analysis/advisor_figures/notebook/exploration/connectivity_patterns/F18_composition_variety_abundance.png,early_earth_analysis_v2/analysis/advisor_figures/notebook/exploration/connectivity_patterns/F18_composition_variety_abundance.png,05_composition_recurrence_and_topology/advisor_figures-notebook-exploration-connectivity_patterns__F18_composition_variety_abundance.png,70268ea7d47c4c1879458a446e2b4558a82291aef9e3002bf2a244e4608a1111,65489,png,05_composition_recurrence_and_topology,"Composition, recurrence and topology",F18,notebook-exploration,Working/review asset; author selection open,"Variety versus abundance, compositions, architecture, recurrence and topology motifs. Emitted strings, exact graphs and fragment occurrences have different denominators. F18 motifs are topology and clusters are browsing aids.",F18 composition variety abundance,Catalog copy; source remains authoritative
early_earth_analysis_v2/analysis/advisor_figures/notebook/exploration/connectivity_patterns/F18_connectivity_motifs.png,early_earth_analysis_v2/analysis/advisor_figures/notebook/exploration/connectivity_patterns/F18_connectivity_motifs.png,early_earth_analysis_v2/analysis/advisor_figures/notebook/exploration/connectivity_patterns/F18_connectivity_motifs.png,05_composition_recurrence_and_topology/advisor_figures-notebook-exploration-connectivity_patterns__F18_connectivity_motifs.png,1ac5dab5b397c7fe99fdc31ba052e4d213306a3a32d1af06b6ffb07d76176a08,81794,png,05_composition_recurrence_and_topology,"Composition, recurrence and topology",F18,notebook-exploration,Working/review asset; author selection open,"Variety versus abundance, compositions, architecture, recurrence and topology motifs. Emitted strings, exact graphs and fragment occurrences have different denominators. F18 motifs are topology and clusters are browsing aids.",F18 connectivity motifs,Catalog copy; source remains authoritative
early_earth_analysis_v2/analysis/advisor_figures/notebook/exploration/connectivity_patterns/F18_recurrence_variety_abundance.png,early_earth_analysis_v2/analysis/advisor_figures/notebook/exploration/connectivity_patterns/F18_recurrence_variety_abundance.png,early_earth_analysis_v2/analysis/advisor_figures/notebook/exploration/connectivity_patterns/F18_recurrence_variety_abundance.png,05_composition_recurrence_and_topology/advisor_figures-notebook-exploration-connectivity_patterns__F18_recurrence_variety_abundance.png,dc7ae240cde5dcb9a6b88b51db1c7db58510e42497d444e6e984ab25e2003b0b,69302,png,05_composition_recurrence_and_topology,"Composition, recurrence and topology",F18,notebook-exploration,Working/review asset; author selection open,"Variety versus abundance, compositions, architecture, recurrence and topology motifs. Emitted strings, exact graphs and fragment occurrences have different denominators. F18 motifs are topology and clusters are browsing aids.",F18 recurrence variety abundance,Catalog copy; source remains authoritative
early_earth_analysis_v2/analysis/advisor_figures/notebook/exploration/functional_group_diagnostic/stored_encoding_counts_diagnostic.png,early_earth_analysis_v2/analysis/advisor_figures/notebook/exploration/functional_group_diagnostic/stored_encoding_counts_diagnostic.png,early_earth_analysis_v2/analysis/advisor_figures/notebook/exploration/functional_group_diagnostic/stored_encoding_counts_diagnostic.png,99_withdrawn_and_encoding_diagnostics/advisor_figures-notebook-exploration-functional_group_diagnostic__stored_encoding_counts_diagnostic.png,91498c438a40ca70315859457704a4c73f655cf162f3a659053f8977d2fa6052,70292,png,99_withdrawn_and_encoding_diagnostics,Withdrawn and encoding diagnostics,,notebook-exploration,Withdrawn chemical census / encoding diagnostic,F15 conventional functional-group counts are withdrawn as a chemical census. SINGLE-edge encoding causes false negatives and misleading matches. These assets support representation diagnosis only.,stored encoding counts diagnostic,Catalog copy; source remains authoritative
early_earth_analysis_v2/analysis/advisor_figures/notebook/exploration/functional_group_diagnostic/stored_encoding_overlap_diagnostic.png,early_earth_analysis_v2/analysis/advisor_figures/notebook/exploration/functional_group_diagnostic/stored_encoding_overlap_diagnostic.png,early_earth_analysis_v2/analysis/advisor_figures/notebook/exploration/functional_group_diagnostic/stored_encoding_overlap_diagnostic.png,99_withdrawn_and_encoding_diagnostics/advisor_figures-notebook-exploration-functional_group_diagnostic__stored_encoding_overlap_diagnostic.png,ed93876f0114492a60323ea5e36bd0445587a81aea64692ad073928a3b5c0ea1,77706,png,99_withdrawn_and_encoding_diagnostics,Withdrawn and encoding diagnostics,,notebook-exploration,Withdrawn chemical census / encoding diagnostic,F15 conventional functional-group counts are withdrawn as a chemical census. SINGLE-edge encoding causes false negatives and misleading matches. These assets support representation diagnosis only.,stored encoding overlap diagnostic,Catalog copy; source remains authoritative
early_earth_analysis_v2/analysis/advisor_figures/notebook/exploration/smiles_fragment_size/unique_smiles_by_fragment_size.png,early_earth_analysis_v2/analysis/advisor_figures/notebook/exploration/smiles_fragment_size/unique_smiles_by_fragment_size.png,early_earth_analysis_v2/analysis/advisor_figures/notebook/exploration/smiles_fragment_size/unique_smiles_by_fragment_size.png,05_composition_recurrence_and_topology/advisor_figures-notebook-exploration-smiles_fragment_size__unique_smiles_by_fragment_size.png,46123c3e155f44b6a4d1fb108ff4be7a23b205e03b9100c8ca86ca7044fc43b7,67863,png,05_composition_recurrence_and_topology,"Composition, recurrence and topology",,notebook-exploration,Working/review asset; author selection open,"Variety versus abundance, compositions, architecture, recurrence and topology motifs. Emitted strings, exact graphs and fragment occurrences have different denominators. F18 motifs are topology and clusters are browsing aids.",unique smiles by fragment size,Catalog copy; source remains authoritative
early_earth_analysis_v2/analysis/advisor_figures/notebook/exports/F12_F13_quench_fragment_sizes.pdf,early_earth_analysis_v2/analysis/advisor_figures/notebook/exports/F12_F13_quench_fragment_sizes.pdf,early_earth_analysis_v2/analysis/advisor_figures/notebook/exports/F12_F13_quench_fragment_sizes.pdf,04_quench_and_fragment_size/advisor_figures-notebook-exports__F12_F13_quench_fragment_sizes.pdf,a8b4039a9d309160de5ae1766d43de3895bce7914c1b91d4e1c0121fa469ea9b,673209,pdf,04_quench_and_fragment_size,Quench and fragment size,F12,current-notebook-export,Validated working candidate; author selection open,"Paired hot/quench sizes and connectivity examples, including heavy-atom alternatives. Production endpoints are independent 25-fs quenches; historical shared-412 comparisons use 250-fs endpoints. Author selection remains open.",F12 F13 quench fragment sizes,Catalog copy; source remains authoritative
early_earth_analysis_v2/analysis/advisor_figures/notebook/exports/F12_F13_quench_fragment_sizes.png,early_earth_analysis_v2/analysis/advisor_figures/notebook/exports/F12_F13_quench_fragment_sizes.png,early_earth_analysis_v2/analysis/advisor_figures/notebook/exports/F12_F13_quench_fragment_sizes.png,04_quench_and_fragment_size/advisor_figures-notebook-exports__F12_F13_quench_fragment_sizes.png,0ed496affbe50d88e3bed7eeb8319a7749abe7a5708facbf98c4c5ab221280f2,1026638,png,04_quench_and_fragment_size,Quench and fragment size,F12,current-notebook-export,Validated working candidate; author selection open,"Paired hot/quench sizes and connectivity examples, including heavy-atom alternatives. Production endpoints are independent 25-fs quenches; historical shared-412 comparisons use 250-fs endpoints. Author selection remains open.",F12 F13 quench fragment sizes,Catalog copy; source remains authoritative
early_earth_analysis_v2/analysis/advisor_figures/notebook/exports/F14_same_atoms_connectivity.pdf,early_earth_analysis_v2/analysis/advisor_figures/notebook/exports/F14_same_atoms_connectivity.pdf,early_earth_analysis_v2/analysis/advisor_figures/notebook/exports/F14_same_atoms_connectivity.pdf,04_quench_and_fragment_size/advisor_figures-notebook-exports__F14_same_atoms_connectivity.pdf,d1f9b4ac7713f54cb3b29707b105a5966fc971d11403a5fd6b89c494fd101d45,20138,pdf,04_quench_and_fragment_size,Quench and fragment size,F14,current-notebook-export,Validated working candidate; author selection open,"Paired hot/quench sizes and connectivity examples, including heavy-atom alternatives. Production endpoints are independent 25-fs quenches; historical shared-412 comparisons use 250-fs endpoints. Author selection remains open.",F14 same atoms connectivity,Catalog copy; source remains authoritative
early_earth_analysis_v2/analysis/advisor_figures/notebook/exports/F14_same_atoms_connectivity.png,early_earth_analysis_v2/analysis/advisor_figures/notebook/exports/F14_same_atoms_connectivity.png,early_earth_analysis_v2/analysis/advisor_figures/notebook/exports/F14_same_atoms_connectivity.png,04_quench_and_fragment_size/advisor_figures-notebook-exports__F14_same_atoms_connectivity.png,cfd81a2f9f1884a372863b9c21d63b241d398f77acb9cc5c9cdfff86697aded7,236738,png,04_quench_and_fragment_size,Quench and fragment size,F14,current-notebook-export,Validated working candidate; author selection open,"Paired hot/quench sizes and connectivity examples, including heavy-atom alternatives. Production endpoints are independent 25-fs quenches; historical shared-412 comparisons use 250-fs endpoints. Author selection remains open.",F14 same atoms connectivity,Catalog copy; source remains authoritative
early_earth_analysis_v2/analysis/advisor_figures/notebook/exports/F16_unique_strings_by_size.pdf,early_earth_analysis_v2/analysis/advisor_figures/notebook/exports/F16_unique_strings_by_size.pdf,early_earth_analysis_v2/analysis/advisor_figures/notebook/exports/F16_unique_strings_by_size.pdf,05_composition_recurrence_and_topology/advisor_figures-notebook-exports__F16_unique_strings_by_size.pdf,9b9ff3be7816aa207bb796942e42d556c5ff90d43d41892b40e6525813cfdd11,18806,pdf,05_composition_recurrence_and_topology,"Composition, recurrence and topology",F16,current-notebook-export,Validated working candidate; author selection open,"Variety versus abundance, compositions, architecture, recurrence and topology motifs. Emitted strings, exact graphs and fragment occurrences have different denominators. F18 motifs are topology and clusters are browsing aids.",F16 unique strings by size,Catalog copy; source remains authoritative
early_earth_analysis_v2/analysis/advisor_figures/notebook/exports/F16_unique_strings_by_size.png,early_earth_analysis_v2/analysis/advisor_figures/notebook/exports/F16_unique_strings_by_size.png,early_earth_analysis_v2/analysis/advisor_figures/notebook/exports/F16_unique_strings_by_size.png,05_composition_recurrence_and_topology/advisor_figures-notebook-exports__F16_unique_strings_by_size.png,3c44e545df404b04d68f9526974bfbaebc1bc263fc7298c2b9181ad807446969,125455,png,05_composition_recurrence_and_topology,"Composition, recurrence and topology",F16,current-notebook-export,Validated working candidate; author selection open,"Variety versus abundance, compositions, architecture, recurrence and topology motifs. Emitted strings, exact graphs and fragment occurrences have different denominators. F18 motifs are topology and clusters are browsing aids.",F16 unique strings by size,Catalog copy; source remains authoritative
early_earth_analysis_v2/analysis/advisor_figures/notebook/exports/F17_variety_vs_abundance.pdf,early_earth_analysis_v2/analysis/advisor_figures/notebook/exports/F17_variety_vs_abundance.pdf,early_earth_analysis_v2/analysis/advisor_figures/notebook/exports/F17_variety_vs_abundance.pdf,05_composition_recurrence_and_topology/advisor_figures-notebook-exports__F17_variety_vs_abundance.pdf,0d2b0a97530cb1a562e914792e92cb95d42695cad9aaf0d51b0050efce8133bb,21835,pdf,05_composition_recurrence_and_topology,"Composition, recurrence and topology",F17,current-notebook-export,Validated working candidate; author selection open,"Variety versus abundance, compositions, architecture, recurrence and topology motifs. Emitted strings, exact graphs and fragment occurrences have different denominators. F18 motifs are topology and clusters are browsing aids.",F17 variety vs abundance,Catalog copy; source remains authoritative
early_earth_analysis_v2/analysis/advisor_figures/notebook/exports/F17_variety_vs_abundance.png,early_earth_analysis_v2/analysis/advisor_figures/notebook/exports/F17_variety_vs_abundance.png,early_earth_analysis_v2/analysis/advisor_figures/notebook/exports/F17_variety_vs_abundance.png,05_composition_recurrence_and_topology/advisor_figures-notebook-exports__F17_variety_vs_abundance.png,d0414c846649d0e4fe341791f705019b0bf2e2d581616e33e9d028c54f989c18,209929,png,05_composition_recurrence_and_topology,"Composition, recurrence and topology",F17,current-notebook-export,Validated working candidate; author selection open,"Variety versus abundance, compositions, architecture, recurrence and topology motifs. Emitted strings, exact graphs and fragment occurrences have different denominators. F18 motifs are topology and clusters are browsing aids.",F17 variety vs abundance,Catalog copy; source remains authoritative
early_earth_analysis_v2/analysis/advisor_figures/notebook/exports/F18_composition_architecture.pdf,early_earth_analysis_v2/analysis/advisor_figures/notebook/exports/F18_composition_architecture.pdf,early_earth_analysis_v2/analysis/advisor_figures/notebook/exports/F18_composition_architecture.pdf,05_composition_recurrence_and_topology/advisor_figures-notebook-exports__F18_composition_architecture.pdf,818bc2936f6616fb28c9c4875cf81f469a73bd573fd8f38d846f016393277189,18462,pdf,05_composition_recurrence_and_topology,"Composition, recurrence and topology",F18,current-notebook-export,Validated working candidate; author selection open,"Variety versus abundance, compositions, architecture, recurrence and topology motifs. Emitted strings, exact graphs and fragment occurrences have different denominators. F18 motifs are topology and clusters are browsing aids.",F18 composition architecture,Catalog copy; source remains authoritative
early_earth_analysis_v2/analysis/advisor_figures/notebook/exports/F18_composition_architecture.png,early_earth_analysis_v2/analysis/advisor_figures/notebook/exports/F18_composition_architecture.png,early_earth_analysis_v2/analysis/advisor_figures/notebook/exports/F18_composition_architecture.png,05_composition_recurrence_and_topology/advisor_figures-notebook-exports__F18_composition_architecture.png,9f876abbc1659719d8bff83e49068401ae39786d7436833dbcad3df20896e691,160252,png,05_composition_recurrence_and_topology,"Composition, recurrence and topology",F18,current-notebook-export,Validated working candidate; author selection open,"Variety versus abundance, compositions, architecture, recurrence and topology motifs. Emitted strings, exact graphs and fragment occurrences have different denominators. F18 motifs are topology and clusters are browsing aids.",F18 composition architecture,Catalog copy; source remains authoritative
early_earth_analysis_v2/analysis/advisor_figures/notebook/exports/F18_connectivity_motifs.pdf,early_earth_analysis_v2/analysis/advisor_figures/notebook/exports/F18_connectivity_motifs.pdf,early_earth_analysis_v2/analysis/advisor_figures/notebook/exports/F18_connectivity_motifs.pdf,05_composition_recurrence_and_topology/advisor_figures-notebook-exports__F18_connectivity_motifs.pdf,75d83a1e3e60d41b2a98091ae75d3c7e61ca4c04dfffe61c6a6b0dd1c4a24a5a,19427,pdf,05_composition_recurrence_and_topology,"Composition, recurrence and topology",F18,current-notebook-export,Validated working candidate; author selection open,"Variety versus abundance, compositions, architecture, recurrence and topology motifs. Emitted strings, exact graphs and fragment occurrences have different denominators. F18 motifs are topology and clusters are browsing aids.",F18 connectivity motifs,Catalog copy; source remains authoritative
early_earth_analysis_v2/analysis/advisor_figures/notebook/exports/F18_connectivity_motifs.png,early_earth_analysis_v2/analysis/advisor_figures/notebook/exports/F18_connectivity_motifs.png,early_earth_analysis_v2/analysis/advisor_figures/notebook/exports/F18_connectivity_motifs.png,05_composition_recurrence_and_topology/advisor_figures-notebook-exports__F18_connectivity_motifs.png,f57190ef2ee7df54a9b57e34e15723a30677d6eddfe5e45b58666d281869c468,192946,png,05_composition_recurrence_and_topology,"Composition, recurrence and topology",F18,current-notebook-export,Validated working candidate; author selection open,"Variety versus abundance, compositions, architecture, recurrence and topology motifs. Emitted strings, exact graphs and fragment occurrences have different denominators. F18 motifs are topology and clusters are browsing aids.",F18 connectivity motifs,Catalog copy; source remains authoritative
early_earth_analysis_v2/analysis/advisor_figures/notebook/exports/F18_recurrence_variety_abundance.pdf,early_earth_analysis_v2/analysis/advisor_figures/notebook/exports/F18_recurrence_variety_abundance.pdf,early_earth_analysis_v2/analysis/advisor_figures/notebook/exports/F18_recurrence_variety_abundance.pdf,05_composition_recurrence_and_topology/advisor_figures-notebook-exports__F18_recurrence_variety_abundance.pdf,e5768cd3d012018895c0b9ccdf50fa8d6949c5ebf53148cf13005dbf8bb8efe4,18211,pdf,05_composition_recurrence_and_topology,"Composition, recurrence and topology",F18,current-notebook-export,Validated working candidate; author selection open,"Variety versus abundance, compositions, architecture, recurrence and topology motifs. Emitted strings, exact graphs and fragment occurrences have different denominators. F18 motifs are topology and clusters are browsing aids.",F18 recurrence variety abundance,Catalog copy; source remains authoritative
early_earth_analysis_v2/analysis/advisor_figures/notebook/exports/F18_recurrence_variety_abundance.png,early_earth_analysis_v2/analysis/advisor_figures/notebook/exports/F18_recurrence_variety_abundance.png,early_earth_analysis_v2/analysis/advisor_figures/notebook/exports/F18_recurrence_variety_abundance.png,05_composition_recurrence_and_topology/advisor_figures-notebook-exports__F18_recurrence_variety_abundance.png,32246306479949b2cb62aad76a28e2830c395b7e0540c70c4aab59e2d7c65b89,168038,png,05_composition_recurrence_and_topology,"Composition, recurrence and topology",F18,current-notebook-export,Validated working candidate; author selection open,"Variety versus abundance, compositions, architecture, recurrence and topology motifs. Emitted strings, exact graphs and fragment occurrences have different denominators. F18 motifs are topology and clusters are browsing aids.",F18 recurrence variety abundance,Catalog copy; source remains authoritative
early_earth_analysis_v2/analysis/advisor_figures/notebook/exports/F19_filtered_mean_heavy_atoms_vs_frame_excluding_H_only.pdf,early_earth_analysis_v2/analysis/advisor_figures/notebook/exports/F19_filtered_mean_heavy_atoms_vs_frame_excluding_H_only.pdf,early_earth_analysis_v2/analysis/advisor_figures/notebook/exports/F19_filtered_mean_heavy_atoms_vs_frame_excluding_H_only.pdf,04_quench_and_fragment_size/advisor_figures-notebook-exports__F19_filtered_mean_heavy_atoms_vs_frame_excluding_H_only.pdf,10587fb844ebc63ab458065c80f68e449f5d7dc89f6131b89f02dcdbc0a8861b,129184,pdf,04_quench_and_fragment_size,Quench and fragment size,F19,current-notebook-export,Validated working candidate; author selection open,"Paired hot/quench sizes and connectivity examples, including heavy-atom alternatives. Production endpoints are independent 25-fs quenches; historical shared-412 comparisons use 250-fs endpoints. Author selection remains open. Filtered means exclude starting compositions and single-total-atom fragments; inclusion/exclusion of hydrogen-only fragments is explicit in the view.",F19 filtered mean heavy atoms vs frame excluding H only,Catalog copy; source remains authoritative
early_earth_analysis_v2/analysis/advisor_figures/notebook/exports/F19_filtered_mean_heavy_atoms_vs_frame_excluding_H_only.png,early_earth_analysis_v2/analysis/advisor_figures/notebook/exports/F19_filtered_mean_heavy_atoms_vs_frame_excluding_H_only.png,early_earth_analysis_v2/analysis/advisor_figures/notebook/exports/F19_filtered_mean_heavy_atoms_vs_frame_excluding_H_only.png,04_quench_and_fragment_size/advisor_figures-notebook-exports__F19_filtered_mean_heavy_atoms_vs_frame_excluding_H_only.png,c154bb3857184884fe9588db17005e495b0ddf48bf1274c95e47cadb9ba64a25,257835,png,04_quench_and_fragment_size,Quench and fragment size,F19,current-notebook-export,Validated working candidate; author selection open,"Paired hot/quench sizes and connectivity examples, including heavy-atom alternatives. Production endpoints are independent 25-fs quenches; historical shared-412 comparisons use 250-fs endpoints. Author selection remains open. Filtered means exclude starting compositions and single-total-atom fragments; inclusion/exclusion of hydrogen-only fragments is explicit in the view.",F19 filtered mean heavy atoms vs frame excluding H only,Catalog copy; source remains authoritative
early_earth_analysis_v2/analysis/advisor_figures/notebook/exports/F19_filtered_mean_heavy_atoms_vs_frame_including_H_only.pdf,early_earth_analysis_v2/analysis/advisor_figures/notebook/exports/F19_filtered_mean_heavy_atoms_vs_frame_including_H_only.pdf,early_earth_analysis_v2/analysis/advisor_figures/notebook/exports/F19_filtered_mean_heavy_atoms_vs_frame_including_H_only.pdf,04_quench_and_fragment_size/advisor_figures-notebook-exports__F19_filtered_mean_heavy_atoms_vs_frame_including_H_only.pdf,1b311da7ff9b299234d3f6392a2c9ccc30ad5e4fcc420fdcd5efb98fec789c73,128933,pdf,04_quench_and_fragment_size,Quench and fragment size,F19,current-notebook-export,Validated working candidate; author selection open,"Paired hot/quench sizes and connectivity examples, including heavy-atom alternatives. Production endpoints are independent 25-fs quenches; historical shared-412 comparisons use 250-fs endpoints. Author selection remains open. Filtered means exclude starting compositions and single-total-atom fragments; inclusion/exclusion of hydrogen-only fragments is explicit in the view.",F19 filtered mean heavy atoms vs frame including H only,Catalog copy; source remains authoritative
early_earth_analysis_v2/analysis/advisor_figures/notebook/exports/F19_filtered_mean_heavy_atoms_vs_frame_including_H_only.png,early_earth_analysis_v2/analysis/advisor_figures/notebook/exports/F19_filtered_mean_heavy_atoms_vs_frame_including_H_only.png,early_earth_analysis_v2/analysis/advisor_figures/notebook/exports/F19_filtered_mean_heavy_atoms_vs_frame_including_H_only.png,04_quench_and_fragment_size/advisor_figures-notebook-exports__F19_filtered_mean_heavy_atoms_vs_frame_including_H_only.png,b3b7efc605b10e3c82c819445865ac2b469a1bda37c7455e319d5f51cdb08d04,258635,png,04_quench_and_fragment_size,Quench and fragment size,F19,current-notebook-export,Validated working candidate; author selection open,"Paired hot/quench sizes and connectivity examples, including heavy-atom alternatives. Production endpoints are independent 25-fs quenches; historical shared-412 comparisons use 250-fs endpoints. Author selection remains open. Filtered means exclude starting compositions and single-total-atom fragments; inclusion/exclusion of hydrogen-only fragments is explicit in the view.",F19 filtered mean heavy atoms vs frame including H only,Catalog copy; source remains authoritative
early_earth_analysis_v2/analysis/advisor_figures/notebook/exports/F19_heavy_atom_frame_sizes.pdf,early_earth_analysis_v2/analysis/advisor_figures/notebook/exports/F19_heavy_atom_frame_sizes.pdf,early_earth_analysis_v2/analysis/advisor_figures/notebook/exports/F19_heavy_atom_frame_sizes.pdf,04_quench_and_fragment_size/advisor_figures-notebook-exports__F19_heavy_atom_frame_sizes.pdf,9018d0d4d0a01add2ca153e2682fb3b651cdc43ea82f76e07deab50b54ad4741,531121,pdf,04_quench_and_fragment_size,Quench and fragment size,F19,current-notebook-export,Validated working candidate; author selection open,"Paired hot/quench sizes and connectivity examples, including heavy-atom alternatives. Production endpoints are independent 25-fs quenches; historical shared-412 comparisons use 250-fs endpoints. Author selection remains open.",F19 heavy atom frame sizes,Catalog copy; source remains authoritative
early_earth_analysis_v2/analysis/advisor_figures/notebook/exports/F19_heavy_atom_frame_sizes.png,early_earth_analysis_v2/analysis/advisor_figures/notebook/exports/F19_heavy_atom_frame_sizes.png,early_earth_analysis_v2/analysis/advisor_figures/notebook/exports/F19_heavy_atom_frame_sizes.png,04_quench_and_fragment_size/advisor_figures-notebook-exports__F19_heavy_atom_frame_sizes.png,e10413df8cef5bdd86b6d7c0731f84ac043e8b269c6c961d40d3ed58128cb536,920420,png,04_quench_and_fragment_size,Quench and fragment size,F19,current-notebook-export,Validated working candidate; author selection open,"Paired hot/quench sizes and connectivity examples, including heavy-atom alternatives. Production endpoints are independent 25-fs quenches; historical shared-412 comparisons use 250-fs endpoints. Author selection remains open.",F19 heavy atom frame sizes,Catalog copy; source remains authoritative
early_earth_analysis_v2/analysis/advisor_figures/notebook/exports/F19_mean_heavy_atoms_vs_frame.pdf,early_earth_analysis_v2/analysis/advisor_figures/notebook/exports/F19_mean_heavy_atoms_vs_frame.pdf,early_earth_analysis_v2/analysis/advisor_figures/notebook/exports/F19_mean_heavy_atoms_vs_frame.pdf,04_quench_and_fragment_size/advisor_figures-notebook-exports__F19_mean_heavy_atoms_vs_frame.pdf,f951fb58e0e93da19407edfb506eec0aba633c831790a67b2c40bd17c58db9ac,107664,pdf,04_quench_and_fragment_size,Quench and fragment size,F19,current-notebook-export,Validated working candidate; author selection open,"Paired hot/quench sizes and connectivity examples, including heavy-atom alternatives. Production endpoints are independent 25-fs quenches; historical shared-412 comparisons use 250-fs endpoints. Author selection remains open.",F19 mean heavy atoms vs frame,Catalog copy; source remains authoritative
early_earth_analysis_v2/analysis/advisor_figures/notebook/exports/F19_mean_heavy_atoms_vs_frame.png,early_earth_analysis_v2/analysis/advisor_figures/notebook/exports/F19_mean_heavy_atoms_vs_frame.png,early_earth_analysis_v2/analysis/advisor_figures/notebook/exports/F19_mean_heavy_atoms_vs_frame.png,04_quench_and_fragment_size/advisor_figures-notebook-exports__F19_mean_heavy_atoms_vs_frame.png,a2bf6690814556cd7b2c89c4830cdb56abc861b91252111382939ca73ead2882,247693,png,04_quench_and_fragment_size,Quench and fragment size,F19,current-notebook-export,Validated working candidate; author selection open,"Paired hot/quench sizes and connectivity examples, including heavy-atom alternatives. Production endpoints are independent 25-fs quenches; historical shared-412 comparisons use 250-fs endpoints. Author selection remains open.",F19 mean heavy atoms vs frame,Catalog copy; source remains authoritative
early_earth_analysis_v2/analysis/advisor_figures/notebook/exports/F19_mean_heavy_atoms_vs_frame_excluding_H_only.pdf,early_earth_analysis_v2/analysis/advisor_figures/notebook/exports/F19_mean_heavy_atoms_vs_frame_excluding_H_only.pdf,early_earth_analysis_v2/analysis/advisor_figures/notebook/exports/F19_mean_heavy_atoms_vs_frame_excluding_H_only.pdf,04_quench_and_fragment_size/advisor_figures-notebook-exports__F19_mean_heavy_atoms_vs_frame_excluding_H_only.pdf,c8e7f92131fdeddd327bc85a2e7d796edabbd3bec2a480769df8eb67a9d62de1,57777,pdf,04_quench_and_fragment_size,Quench and fragment size,F19,current-notebook-export,Validated working candidate; author selection open,"Paired hot/quench sizes and connectivity examples, including heavy-atom alternatives. Production endpoints are independent 25-fs quenches; historical shared-412 comparisons use 250-fs endpoints. Author selection remains open.",F19 mean heavy atoms vs frame excluding H only,Catalog copy; source remains authoritative
early_earth_analysis_v2/analysis/advisor_figures/notebook/exports/F19_mean_heavy_atoms_vs_frame_excluding_H_only.png,early_earth_analysis_v2/analysis/advisor_figures/notebook/exports/F19_mean_heavy_atoms_vs_frame_excluding_H_only.png,early_earth_analysis_v2/analysis/advisor_figures/notebook/exports/F19_mean_heavy_atoms_vs_frame_excluding_H_only.png,04_quench_and_fragment_size/advisor_figures-notebook-exports__F19_mean_heavy_atoms_vs_frame_excluding_H_only.png,e48e5181aeffd69b85a2703f94c56e3a77d2978a42d5fc12b820896283ec7002,154215,png,04_quench_and_fragment_size,Quench and fragment size,F19,current-notebook-export,Validated working candidate; author selection open,"Paired hot/quench sizes and connectivity examples, including heavy-atom alternatives. Production endpoints are independent 25-fs quenches; historical shared-412 comparisons use 250-fs endpoints. Author selection remains open.",F19 mean heavy atoms vs frame excluding H only,Catalog copy; source remains authoritative
early_earth_analysis_v2/analysis/advisor_figures/notebook/exports/F19_mean_heavy_atoms_vs_frame_including_H_only.pdf,early_earth_analysis_v2/analysis/advisor_figures/notebook/exports/F19_mean_heavy_atoms_vs_frame_including_H_only.pdf,early_earth_analysis_v2/analysis/advisor_figures/notebook/exports/F19_mean_heavy_atoms_vs_frame_including_H_only.pdf,04_quench_and_fragment_size/advisor_figures-notebook-exports__F19_mean_heavy_atoms_vs_frame_including_H_only.pdf,a99628cc3cf1e09f4a09a4454c5b9fca9400ff910c89c03d3b0d850124f37214,78171,pdf,04_quench_and_fragment_size,Quench and fragment size,F19,current-notebook-export,Validated working candidate; author selection open,"Paired hot/quench sizes and connectivity examples, including heavy-atom alternatives. Production endpoints are independent 25-fs quenches; historical shared-412 comparisons use 250-fs endpoints. Author selection remains open.",F19 mean heavy atoms vs frame including H only,Catalog copy; source remains authoritative
early_earth_analysis_v2/analysis/advisor_figures/notebook/exports/F19_mean_heavy_atoms_vs_frame_including_H_only.png,early_earth_analysis_v2/analysis/advisor_figures/notebook/exports/F19_mean_heavy_atoms_vs_frame_including_H_only.png,early_earth_analysis_v2/analysis/advisor_figures/notebook/exports/F19_mean_heavy_atoms_vs_frame_including_H_only.png,04_quench_and_fragment_size/advisor_figures-notebook-exports__F19_mean_heavy_atoms_vs_frame_including_H_only.png,75899e28be9edb39c3377b99f8625f242a25d6416610cac906a79d02b370bb00,216613,png,04_quench_and_fragment_size,Quench and fragment size,F19,current-notebook-export,Validated working candidate; author selection open,"Paired hot/quench sizes and connectivity examples, including heavy-atom alternatives. Production endpoints are independent 25-fs quenches; historical shared-412 comparisons use 250-fs endpoints. Author selection remains open.",F19 mean heavy atoms vs frame including H only,Catalog copy; source remains authoritative
early_earth_analysis_v2/analysis/advisor_figures/notebook/exports/F20_heavy_atom_variety_abundance.pdf,early_earth_analysis_v2/analysis/advisor_figures/notebook/exports/F20_heavy_atom_variety_abundance.pdf,early_earth_analysis_v2/analysis/advisor_figures/notebook/exports/F20_heavy_atom_variety_abundance.pdf,05_composition_recurrence_and_topology/advisor_figures-notebook-exports__F20_heavy_atom_variety_abundance.pdf,17afd068ba983ab6c99dbd2ae6a9417fae9c550eeb4145ffc490175821e2faa0,19420,pdf,05_composition_recurrence_and_topology,"Composition, recurrence and topology",F20,current-notebook-export,Validated working candidate; author selection open,"Variety versus abundance, compositions, architecture, recurrence and topology motifs. Emitted strings, exact graphs and fragment occurrences have different denominators. F18 motifs are topology and clusters are browsing aids.",F20 heavy atom variety abundance,Catalog copy; source remains authoritative
early_earth_analysis_v2/analysis/advisor_figures/notebook/exports/F20_heavy_atom_variety_abundance.png,early_earth_analysis_v2/analysis/advisor_figures/notebook/exports/F20_heavy_atom_variety_abundance.png,early_earth_analysis_v2/analysis/advisor_figures/notebook/exports/F20_heavy_atom_variety_abundance.png,05_composition_recurrence_and_topology/advisor_figures-notebook-exports__F20_heavy_atom_variety_abundance.png,1dbaa01b10652239e3c9a7f78a94a7c99f97ada2c8d96030cfe6285033ac6b0d,183960,png,05_composition_recurrence_and_topology,"Composition, recurrence and topology",F20,current-notebook-export,Validated working candidate; author selection open,"Variety versus abundance, compositions, architecture, recurrence and topology motifs. Emitted strings, exact graphs and fragment occurrences have different denominators. F18 motifs are topology and clusters are browsing aids.",F20 heavy atom variety abundance,Catalog copy; source remains authoritative
early_earth_analysis_v2/analysis/advisor_figures/notebook/exports/advisor_figures.html,early_earth_analysis_v2/analysis/advisor_figures/notebook/exports/advisor_figures.html,early_earth_analysis_v2/analysis/advisor_figures/notebook/exports/advisor_figures.html,04_quench_and_fragment_size/advisor_figures-notebook-exports__advisor_figures.html,3746f0436e60946c610e9451fa09f73b420f6e0a043c27d22352b2c164a8f7bf,821559,html,04_quench_and_fragment_size,Quench and fragment size,,current-notebook-export,Validated working candidate; author selection open,"Paired hot/quench sizes and connectivity examples, including heavy-atom alternatives. Production endpoints are independent 25-fs quenches; historical shared-412 comparisons use 250-fs endpoints. Author selection remains open.",advisor figures,Catalog copy; source remains authoritative
early_earth_analysis_v2/analysis/advisor_figures/notebook/exports/figure_gallery.html,early_earth_analysis_v2/analysis/advisor_figures/notebook/exports/figure_gallery.html,early_earth_analysis_v2/analysis/advisor_figures/notebook/exports/figure_gallery.html,04_quench_and_fragment_size/advisor_figures-notebook-exports__figure_gallery.html,91b9306c9624b071e9388f1e5b06fef095f62be6bf5001e7861a9af97055d27c,1680146,html,04_quench_and_fragment_size,Quench and fragment size,,current-notebook-export,Validated working candidate; author selection open,"Paired hot/quench sizes and connectivity examples, including heavy-atom alternatives. Production endpoints are independent 25-fs quenches; historical shared-412 comparisons use 250-fs endpoints. Author selection remains open.",figure gallery,Catalog copy; source remains authoritative
early_earth_analysis_v2/analysis/advisor_figures/notebook/exports/filtered_heavy_atom_mean_vs_frame.html,early_earth_analysis_v2/analysis/advisor_figures/notebook/exports/filtered_heavy_atom_mean_vs_frame.html,early_earth_analysis_v2/analysis/advisor_figures/notebook/exports/filtered_heavy_atom_mean_vs_frame.html,04_quench_and_fragment_size/advisor_figures-notebook-exports__filtered_heavy_atom_mean_vs_frame.html,6c659e6440eb06d91e6730d4f47aabdb4242f8a27a5dfa7a65d6f63f630df70c,451188,html,04_quench_and_fragment_size,Quench and fragment size,,current-notebook-export,Validated working candidate; author selection open,"Paired hot/quench sizes and connectivity examples, including heavy-atom alternatives. Production endpoints are independent 25-fs quenches; historical shared-412 comparisons use 250-fs endpoints. Author selection remains open. Filtered means exclude starting compositions and single-total-atom fragments; inclusion/exclusion of hydrogen-only fragments is explicit in the view.",filtered heavy atom mean vs frame,Catalog copy; source remains authoritative
early_earth_analysis_v2/analysis/advisor_figures/notebook/exports/heavy_atom_figures.html,early_earth_analysis_v2/analysis/advisor_figures/notebook/exports/heavy_atom_figures.html,early_earth_analysis_v2/analysis/advisor_figures/notebook/exports/heavy_atom_figures.html,04_quench_and_fragment_size/advisor_figures-notebook-exports__heavy_atom_figures.html,919a0365b3b76367edbe68eea638e42c10169e4abe0c409a2965db9978288a89,628332,html,04_quench_and_fragment_size,Quench and fragment size,,current-notebook-export,Validated working candidate; author selection open,"Paired hot/quench sizes and connectivity examples, including heavy-atom alternatives. Production endpoints are independent 25-fs quenches; historical shared-412 comparisons use 250-fs endpoints. Author selection remains open.",heavy atom figures,Catalog copy; source remains authoritative
early_earth_analysis_v2/analysis/advisor_figures/notebook/exports/heavy_atom_mean_vs_frame.html,early_earth_analysis_v2/analysis/advisor_figures/notebook/exports/heavy_atom_mean_vs_frame.html,early_earth_analysis_v2/analysis/advisor_figures/notebook/exports/heavy_atom_mean_vs_frame.html,04_quench_and_fragment_size/advisor_figures-notebook-exports__heavy_atom_mean_vs_frame.html,37f973fae67d4b464f707e80c7dcad7c79ffc36a6c7d33e522a2092d16e27a32,409193,html,04_quench_and_fragment_size,Quench and fragment size,,current-notebook-export,Validated working candidate; author selection open,"Paired hot/quench sizes and connectivity examples, including heavy-atom alternatives. Production endpoints are independent 25-fs quenches; historical shared-412 comparisons use 250-fs endpoints. Author selection remains open.",heavy atom mean vs frame,Catalog copy; source remains authoritative
early_earth_analysis_v2/analysis/advisor_figures/results/F12_mean_fragment_size_preliminary.png,early_earth_analysis_v2/analysis/advisor_figures/results/F12_mean_fragment_size_preliminary.png,early_earth_analysis_v2/analysis/advisor_figures/results/F12_mean_fragment_size_preliminary.png,04_quench_and_fragment_size/advisor_figures-results__F12_mean_fragment_size_preliminary.png,64706067bb200b0be7f9fe801c4709b425f8b9e34d1171ecfa676b9f9788cd1b,220030,png,04_quench_and_fragment_size,Quench and fragment size,F12,analysis-output,Preliminary; current notebook preferred,"Paired hot/quench sizes and connectivity examples, including heavy-atom alternatives. Production endpoints are independent 25-fs quenches; historical shared-412 comparisons use 250-fs endpoints. Author selection remains open.",F12 mean fragment size preliminary,Catalog copy; source remains authoritative
early_earth_analysis_v2/analysis/advisor_figures/results/F13_largest_fragment_preliminary.png,early_earth_analysis_v2/analysis/advisor_figures/results/F13_largest_fragment_preliminary.png,early_earth_analysis_v2/analysis/advisor_figures/results/F13_largest_fragment_preliminary.png,04_quench_and_fragment_size/advisor_figures-results__F13_largest_fragment_preliminary.png,4bb91bb13b82ac93bfcb849b6ad95d180b879dafa0c21ad4e8f055fc2ae308a5,436513,png,04_quench_and_fragment_size,Quench and fragment size,F13,analysis-output,Preliminary; current notebook preferred,"Paired hot/quench sizes and connectivity examples, including heavy-atom alternatives. Production endpoints are independent 25-fs quenches; historical shared-412 comparisons use 250-fs endpoints. Author selection remains open.",F13 largest fragment preliminary,Catalog copy; source remains authoritative
early_earth_analysis_v2/analysis/advisor_figures/results/F14_ten_atom_candidate_preliminary.png,early_earth_analysis_v2/analysis/advisor_figures/results/F14_ten_atom_candidate_preliminary.png,early_earth_analysis_v2/analysis/advisor_figures/results/F14_ten_atom_candidate_preliminary.png,04_quench_and_fragment_size/advisor_figures-results__F14_ten_atom_candidate_preliminary.png,2b4bb62cfb2905e1819f83f7a2815b8b2a18a4171625f3a1b3465313e0ced334,190125,png,04_quench_and_fragment_size,Quench and fragment size,F14,analysis-output,Preliminary; current notebook preferred,"Paired hot/quench sizes and connectivity examples, including heavy-atom alternatives. Production endpoints are independent 25-fs quenches; historical shared-412 comparisons use 250-fs endpoints. Author selection remains open.",F14 ten atom candidate preliminary,Catalog copy; source remains authoritative
early_earth_analysis_v2/analysis/advisor_figures/review_packet/A19_F12_F14_advisor_contact_sheet.png,early_earth_analysis_v2/analysis/advisor_figures/review_packet/A19_F12_F14_advisor_contact_sheet.png,early_earth_analysis_v2/analysis/advisor_figures/review_packet/A19_F12_F14_advisor_contact_sheet.png,90_historical_and_other_context/advisor_figures-review_packet__A19_F12_F14_advisor_contact_sheet.png,3888d7f11f7d7855e03e1d48f16c36cad2aef93cb7696b76fba2217ae63a0695,1458062,png,90_historical_and_other_context,Historical and other context,,preliminary-review-packet,Preliminary; current notebook preferred,Retained dissertation/ANI/model-context figures and retired HTML views. Their original scope is preserved; they are not automatically current Early Earth manuscript evidence. This older packet connects independent endpoints; the current notebook has the revised scatter/density presentation.,A19 F12 F14 advisor contact sheet,Catalog copy; source remains authoritative
early_earth_analysis_v2/analysis/advisor_figures/review_packet/A19_F12_F14_advisor_review.pdf,early_earth_analysis_v2/analysis/advisor_figures/review_packet/A19_F12_F14_advisor_review.pdf,early_earth_analysis_v2/analysis/advisor_figures/review_packet/A19_F12_F14_advisor_review.pdf,90_historical_and_other_context/advisor_figures-review_packet__A19_F12_F14_advisor_review.pdf,e3269f471890fcbeeae94124cbde5cf5e255c6342e85b351113f23580cca851c,565615,pdf,90_historical_and_other_context,Historical and other context,,preliminary-review-packet,Preliminary; current notebook preferred,Retained dissertation/ANI/model-context figures and retired HTML views. Their original scope is preserved; they are not automatically current Early Earth manuscript evidence. This older packet connects independent endpoints; the current notebook has the revised scatter/density presentation.,A19 F12 F14 advisor review,Catalog copy; source remains authoritative
early_earth_analysis_v2/analysis/alanine_dihedral/results/F10_alanine_improper_torsion.png,early_earth_analysis_v2/analysis/alanine_dihedral/results/F10_alanine_improper_torsion.png,early_earth_analysis_v2/analysis/alanine_dihedral/results/F10_alanine_improper_torsion.png,02_alanine_and_conformations/alanine_dihedral-results__F10_alanine_improper_torsion.png,521aa86c3d0909df09b7b001ce485f24d3b6f340fe07189b736ff2a196b370a3,122334,png,02_alanine_and_conformations,Alanine and conformations,F10,analysis-output,Working/review asset; author selection open,"Alanine orientation, improper torsion and coordinate illustrations. F10 reproduces the 438,986-structure population and modes; it does not assign absolute stereochemistry, equilibrium or stability.",F10 alanine improper torsion,Catalog copy; source remains authoritative
early_earth_analysis_v2/analysis/energy_hysteresis/results/F09_energy_hysteresis_raw.pdf,early_earth_analysis_v2/analysis/energy_hysteresis/results/F09_energy_hysteresis_raw.pdf,early_earth_analysis_v2/analysis/energy_hysteresis/results/F09_energy_hysteresis_raw.pdf,01_energy_evolution/energy_hysteresis-results__F09_energy_hysteresis_raw.pdf,9ea408ff4ab1ab21a21e867cab3c5716f1e0736afb5d805fd715e7e73179a52d,4194975,pdf,01_energy_evolution,Energy evolution,F09,analysis-output,Working/review asset; author selection open,"Energetic evolution through heating, the high-temperature interval and cooling. F09 is source-bound, but the historical displayed-axis transformation remains unresolved; do not compare it numerically with reconstructed raw totals.",F09 energy hysteresis raw,Catalog copy; source remains authoritative
early_earth_analysis_v2/analysis/energy_hysteresis/results/F09_energy_hysteresis_raw.png,early_earth_analysis_v2/analysis/energy_hysteresis/results/F09_energy_hysteresis_raw.png,early_earth_analysis_v2/analysis/energy_hysteresis/results/F09_energy_hysteresis_raw.png,01_energy_evolution/energy_hysteresis-results__F09_energy_hysteresis_raw.png,2e642512aec09c9e078e8ed12c9a630dbb3fd510f270c0e8ff10eed8d4cb173d,155579,png,01_energy_evolution,Energy evolution,F09,analysis-output,Working/review asset; author selection open,"Energetic evolution through heating, the high-temperature interval and cooling. F09 is source-bound, but the historical displayed-axis transformation remains unresolved; do not compare it numerically with reconstructed raw totals.",F09 energy hysteresis raw,Catalog copy; source remains authoritative
early_earth_analysis_v2/analysis/historical_415/results/F11_historical_415_fragment_sizes_preliminary.png,early_earth_analysis_v2/analysis/historical_415/results/F11_historical_415_fragment_sizes_preliminary.png,early_earth_analysis_v2/analysis/historical_415/results/F11_historical_415_fragment_sizes_preliminary.png,04_quench_and_fragment_size/historical_415-results__F11_historical_415_fragment_sizes_preliminary.png,006376c0d49bfe72e64012634fd81beea23ca0e0f27dba49db0432228d0753c8,452121,png,04_quench_and_fragment_size,Quench and fragment size,F11,analysis-output,Preliminary; current notebook preferred,"Paired hot/quench sizes and connectivity examples, including heavy-atom alternatives. Production endpoints are independent 25-fs quenches; historical shared-412 comparisons use 250-fs endpoints. Author selection remains open. F11 aggregates are reproduced; database/plot-source provenance and supplementary approval remain open.",F11 historical 415 fragment sizes preliminary,Catalog copy; source remains authoritative
early_earth_analysis_v2/analysis/historical_415/results/F11_historical_415_named_matches_paired.png,early_earth_analysis_v2/analysis/historical_415/results/F11_historical_415_named_matches_paired.png,early_earth_analysis_v2/analysis/historical_415/results/F11_historical_415_named_matches_paired.png,04_quench_and_fragment_size/historical_415-results__F11_historical_415_named_matches_paired.png,cefe929ba7aca844577e06712b33cc987d9a937f12d49d80c492753e3a23a5c8,331044,png,04_quench_and_fragment_size,Quench and fragment size,F11,analysis-output,Working/review asset; author selection open,"Paired hot/quench sizes and connectivity examples, including heavy-atom alternatives. Production endpoints are independent 25-fs quenches; historical shared-412 comparisons use 250-fs endpoints. Author selection remains open. F11 aggregates are reproduced; database/plot-source provenance and supplementary approval remain open.",F11 historical 415 named matches paired,Catalog copy; source remains authoritative
early_earth_analysis_v2/archive/notebook_edits/20261004/filtered_starting_singletons/figure_gallery.before_filtered_views.html,early_earth_analysis_v2/archive/notebook_edits/20261004/filtered_starting_singletons/figure_gallery.before_filtered_views.html,graveyard/analysis_archive/notebook_edits/20261004/filtered_starting_singletons/figure_gallery.before_filtered_views.html,90_historical_and_other_context/analysis-archive-notebook_edits-20261004-filtered_starting_singletons__figure_gallery.before_filtered_views.html,e3bd5c1261c5d93b13a8f6e0797f08844cc79fcee4567fd3051025dfa9910446,1505132,html,90_historical_and_other_context,Historical and other context,,retired-notebook-view,Retired reading view,Retained dissertation/ANI/model-context figures and retired HTML views. Their original scope is preserved; they are not automatically current Early Earth manuscript evidence. Filtered means exclude starting compositions and single-total-atom fragments; inclusion/exclusion of hydrogen-only fragments is explicit in the view.,figure gallery.before filtered views,Catalog copy; source remains authoritative
early_earth_analysis_v2/archive/notebook_edits/20261004/heavy_atoms/exports/advisor_figures.html,early_earth_analysis_v2/archive/notebook_edits/20261004/heavy_atoms/exports/advisor_figures.html,graveyard/analysis_archive/notebook_edits/20261004/heavy_atoms/exports/advisor_figures.html,90_historical_and_other_context/analysis-archive-notebook_edits-20261004-heavy_atoms-exports__advisor_figures.html,3746f0436e60946c610e9451fa09f73b420f6e0a043c27d22352b2c164a8f7bf,821559,html,90_historical_and_other_context,Historical and other context,,retired-notebook-view,Retired reading view,Retained dissertation/ANI/model-context figures and retired HTML views. Their original scope is preserved; they are not automatically current Early Earth manuscript evidence.,advisor figures,Catalog copy; source remains authoritative
early_earth_analysis_v2/archive/notebook_edits/20261004/heavy_atoms/exports/figure_gallery.html,early_earth_analysis_v2/archive/notebook_edits/20261004/heavy_atoms/exports/figure_gallery.html,graveyard/analysis_archive/notebook_edits/20261004/heavy_atoms/exports/figure_gallery.html,90_historical_and_other_context/analysis-archive-notebook_edits-20261004-heavy_atoms-exports__figure_gallery.html,a9f39bedb6405d03ec54f0813299b11d10f627b4207de1a8d9fb29f19e18f220,1020620,html,90_historical_and_other_context,Historical and other context,,retired-notebook-view,Retired reading view,Retained dissertation/ANI/model-context figures and retired HTML views. Their original scope is preserved; they are not automatically current Early Earth manuscript evidence.,figure gallery,Catalog copy; source remains authoritative
early_earth_analysis_v2/archive/notebook_edits/20261004/heavy_mean_denominators/figure_gallery.before_denominators.html,early_earth_analysis_v2/archive/notebook_edits/20261004/heavy_mean_denominators/figure_gallery.before_denominators.html,graveyard/analysis_archive/notebook_edits/20261004/heavy_mean_denominators/figure_gallery.before_denominators.html,90_historical_and_other_context/analysis-archive-notebook_edits-20261004-heavy_mean_denominators__figure_gallery.before_denominators.html,50746bbf765d3f32a5ef2e32575ac8a0109e27bc1f41b3e430d725ad61a5780c,1451585,html,90_historical_and_other_context,Historical and other context,,retired-notebook-view,Retired reading view,Retained dissertation/ANI/model-context figures and retired HTML views. Their original scope is preserved; they are not automatically current Early Earth manuscript evidence.,figure gallery.before denominators,Catalog copy; source remains authoritative
early_earth_analysis_v2/archive/notebook_edits/20261004/heavy_mean_denominators/heavy_atom_mean_vs_frame.before_denominators.html,early_earth_analysis_v2/archive/notebook_edits/20261004/heavy_mean_denominators/heavy_atom_mean_vs_frame.before_denominators.html,graveyard/analysis_archive/notebook_edits/20261004/heavy_mean_denominators/heavy_atom_mean_vs_frame.before_denominators.html,90_historical_and_other_context/analysis-archive-notebook_edits-20261004-heavy_mean_denominators__heavy_atom_mean_vs_frame.before_denominators.html,60c247116ce76166f2e7b0f4b8c4de16e5f8fd904ef064b7cef85bb8bcbe4ef5,355646,html,90_historical_and_other_context,Historical and other context,,retired-notebook-view,Retired reading view,Retained dissertation/ANI/model-context figures and retired HTML views. Their original scope is preserved; they are not automatically current Early Earth manuscript evidence.,heavy atom mean vs frame.before denominators,Catalog copy; source remains authoritative
early_earth_analysis_v2/archive/notebook_edits/20261004/heavy_mean_scatter/figure_gallery.before_scatter.html,early_earth_analysis_v2/archive/notebook_edits/20261004/heavy_mean_scatter/figure_gallery.before_scatter.html,graveyard/analysis_archive/notebook_edits/20261004/heavy_mean_scatter/figure_gallery.before_scatter.html,90_historical_and_other_context/analysis-archive-notebook_edits-20261004-heavy_mean_scatter__figure_gallery.before_scatter.html,eb9cd428f41e416c014d7128ebd4a57525d45db3d066b65dabf275aebf8df6d5,1372113,html,90_historical_and_other_context,Historical and other context,,retired-notebook-view,Retired reading view,Retained dissertation/ANI/model-context figures and retired HTML views. Their original scope is preserved; they are not automatically current Early Earth manuscript evidence.,figure gallery.before scatter,Catalog copy; source remains authoritative
early_earth_analysis_v2/drafts/manuscript_working_20260927/228_pot_eng.png,early_earth_analysis_v2/drafts/manuscript_working_20260927/228_pot_eng.png,early_earth_analysis_v2/drafts/manuscript_working_20260927/228_pot_eng.png,01_energy_evolution/analysis-drafts-manuscript_working_20260927__228_pot_eng.png,e2e2fa11f195761688f5f48e031079fc4acb24732b36849564b818ca0a0dcdb2,137849,png,01_energy_evolution,Energy evolution,F09,earlier-draft,Earlier draft asset,"Energetic evolution through heating, the high-temperature interval and cooling. F09 is source-bound, but the historical displayed-axis transformation remains unresolved; do not compare it numerically with reconstructed raw totals.",228 pot eng,Catalog copy; source remains authoritative
early_earth_analysis_v2/drafts/manuscript_working_20260927/alanine_dihedrals_updated.png,early_earth_analysis_v2/drafts/manuscript_working_20260927/alanine_dihedrals_updated.png,early_earth_analysis_v2/drafts/manuscript_working_20260927/alanine_dihedrals_updated.png,02_alanine_and_conformations/analysis-drafts-manuscript_working_20260927__alanine_dihedrals_updated.png,39aa8c98e718244268d8eba35e45c6aeba7826a4bf789f45957d2b17587d939d,145213,png,02_alanine_and_conformations,Alanine and conformations,F10,earlier-draft,Earlier draft asset,"Alanine orientation, improper torsion and coordinate illustrations. F10 reproduces the 438,986-structure population and modes; it does not assign absolute stereochemistry, equilibrium or stability.",alanine dihedrals updated,Catalog copy; source remains authoritative
early_earth_analysis_v2/drafts/manuscript_working_20260927/dihedral_alanine.png,early_earth_analysis_v2/drafts/manuscript_working_20260927/dihedral_alanine.png,early_earth_analysis_v2/drafts/manuscript_working_20260927/dihedral_alanine.png,02_alanine_and_conformations/analysis-drafts-manuscript_working_20260927__dihedral_alanine.png,504deae41e9da0c6f3e003c2bdf418088ce44942799de5fc11d59fb55bf5fc14,900478,png,02_alanine_and_conformations,Alanine and conformations,F10,earlier-draft,Earlier draft asset,"Alanine orientation, improper torsion and coordinate illustrations. F10 reproduces the 438,986-structure population and modes; it does not assign absolute stereochemistry, equilibrium or stability.",dihedral alanine,Catalog copy; source remains authoritative
early_earth_analysis_v2/figures/publication_revision/F05.pdf,early_earth_analysis_v2/figures/publication_revision/F05.pdf,early_earth_analysis_v2/figures/publication_revision/F05.pdf,05_composition_recurrence_and_topology/analysis-figures-publication_revision__F05.pdf,c5110480e26166fb3bff46c93a134f3adc5f33687ae319aac53e2fed3c7d1aa5,26261,pdf,05_composition_recurrence_and_topology,"Composition, recurrence and topology",F05,analysis-output,Working/review asset; author selection open,"Variety versus abundance, compositions, architecture, recurrence and topology motifs. Emitted strings, exact graphs and fragment occurrences have different denominators. F18 motifs are topology and clusters are browsing aids.",F05,Catalog copy; source remains authoritative
early_earth_analysis_v2/figures/publication_revision/F05.png,early_earth_analysis_v2/figures/publication_revision/F05.png,early_earth_analysis_v2/figures/publication_revision/F05.png,05_composition_recurrence_and_topology/analysis-figures-publication_revision__F05.png,daa4d6304b50f29378a2ce4e7bb5d08dbeeaa3384eeb3ea67d9d47bf0f46b64c,113403,png,05_composition_recurrence_and_topology,"Composition, recurrence and topology",F05,analysis-output,Working/review asset; author selection open,"Variety versus abundance, compositions, architecture, recurrence and topology motifs. Emitted strings, exact graphs and fragment occurrences have different denominators. F18 motifs are topology and clusters are browsing aids.",F05,Catalog copy; source remains authoritative
early_earth_analysis_v2/figures/publication_revision/F07.pdf,early_earth_analysis_v2/figures/publication_revision/F07.pdf,early_earth_analysis_v2/figures/publication_revision/F07.pdf,06_methods_and_performance/analysis-figures-publication_revision__F07.pdf,c8f20582af62ba16a9eb8636db1b1ba2264652ddd41893c013d41f552e7a9326,17635,pdf,06_methods_and_performance,Methods and performance,F07,analysis-output,Working/review asset; author selection open,Workflow and bounded performance illustrations. Historical measurements or proposed benchmarks do not establish a validated speedup on the current whole-frame workload.,F07,Catalog copy; source remains authoritative
early_earth_analysis_v2/figures/publication_revision/F07.png,early_earth_analysis_v2/figures/publication_revision/F07.png,early_earth_analysis_v2/figures/publication_revision/F07.png,06_methods_and_performance/analysis-figures-publication_revision__F07.png,8dc0bb472b2e662b91e004bf5d904b2cc3f3a5155417d0620b8c97101f559607,72207,png,06_methods_and_performance,Methods and performance,F07,analysis-output,Working/review asset; author selection open,Workflow and bounded performance illustrations. Historical measurements or proposed benchmarks do not establish a validated speedup on the current whole-frame workload.,F07,Catalog copy; source remains authoritative
early_earth_analysis_v2/figures/publication_revision/F08.pdf,early_earth_analysis_v2/figures/publication_revision/F08.pdf,early_earth_analysis_v2/figures/publication_revision/F08.pdf,04_quench_and_fragment_size/analysis-figures-publication_revision__F08.pdf,18026ebd6d9be2de30b98cdb89b20e33fbff3d01ecd28aadcf9648f374a48076,21400,pdf,04_quench_and_fragment_size,Quench and fragment size,F08,analysis-output,Working/review asset; author selection open,"Paired hot/quench sizes and connectivity examples, including heavy-atom alternatives. Production endpoints are independent 25-fs quenches; historical shared-412 comparisons use 250-fs endpoints. Author selection remains open.",F08,Catalog copy; source remains authoritative
early_earth_analysis_v2/figures/publication_revision/F08.png,early_earth_analysis_v2/figures/publication_revision/F08.png,early_earth_analysis_v2/figures/publication_revision/F08.png,04_quench_and_fragment_size/analysis-figures-publication_revision__F08.png,7365e6c22217fa9cb1ccf5a24aa4dfe0d08eab0cb0ca82cfaa112b79a2a568be,243208,png,04_quench_and_fragment_size,Quench and fragment size,F08,analysis-output,Working/review asset; author selection open,"Paired hot/quench sizes and connectivity examples, including heavy-atom alternatives. Production endpoints are independent 25-fs quenches; historical shared-412 comparisons use 250-fs endpoints. Author selection remains open.",F08,Catalog copy; source remains authoritative
early_earth_analysis_v2/figures/review_v1/F01.pdf,early_earth_analysis_v2/figures/review_v1/F01.pdf,early_earth_analysis_v2/figures/review_v1/F01.pdf,06_methods_and_performance/analysis-figures-review_v1__F01.pdf,0d6fc80e01810ff7a8de0381a1267049ffb9a883cfabca709e0c75a4e5c99657,16229,pdf,06_methods_and_performance,Methods and performance,F01,analysis-output,Working/review asset; author selection open,Workflow and bounded performance illustrations. Historical measurements or proposed benchmarks do not establish a validated speedup on the current whole-frame workload.,F01,Catalog copy; source remains authoritative
early_earth_analysis_v2/figures/review_v1/F01.png,early_earth_analysis_v2/figures/review_v1/F01.png,early_earth_analysis_v2/figures/review_v1/F01.png,06_methods_and_performance/analysis-figures-review_v1__F01.png,361245f373e6961ab1afdb93c526c7ac5578c3fdc27b254bde650c21ce997628,107097,png,06_methods_and_performance,Methods and performance,F01,analysis-output,Working/review asset; author selection open,Workflow and bounded performance illustrations. Historical measurements or proposed benchmarks do not establish a validated speedup on the current whole-frame workload.,F01,Catalog copy; source remains authoritative
early_earth_analysis_v2/figures/review_v1/F02.pdf,early_earth_analysis_v2/figures/review_v1/F02.pdf,early_earth_analysis_v2/figures/review_v1/F02.pdf,03_scale_discovery_and_sampling/analysis-figures-review_v1__F02.pdf,d428ad2dc1686d216f0e44d8881ee31a40a0480bbd3434ea615b9403977c9c31,14429,pdf,03_scale_discovery_and_sampling,"Scale, discovery and sampling",F02,analysis-output,Working/review asset; author selection open,"Structural coverage, first detection and the effect of sampled cadence. Preserve distinct populations, normalization and restart boundaries; sampled recurrence is not lifetime.",F02,Catalog copy; source remains authoritative
early_earth_analysis_v2/figures/review_v1/F02.png,early_earth_analysis_v2/figures/review_v1/F02.png,early_earth_analysis_v2/figures/review_v1/F02.png,03_scale_discovery_and_sampling/analysis-figures-review_v1__F02.png,f1e7aad7fd844532917b4438bbe28e7273256ec28c146b6fc40f33c195d95879,77252,png,03_scale_discovery_and_sampling,"Scale, discovery and sampling",F02,analysis-output,Working/review asset; author selection open,"Structural coverage, first detection and the effect of sampled cadence. Preserve distinct populations, normalization and restart boundaries; sampled recurrence is not lifetime.",F02,Catalog copy; source remains authoritative
early_earth_analysis_v2/figures/review_v1/F03.pdf,early_earth_analysis_v2/figures/review_v1/F03.pdf,early_earth_analysis_v2/figures/review_v1/F03.pdf,03_scale_discovery_and_sampling/analysis-figures-review_v1__F03.pdf,5a0a6f51146eb96f94b7c5e0f4d350b7ccb56a1ae20986940c82b43c6c15afcf,14529,pdf,03_scale_discovery_and_sampling,"Scale, discovery and sampling",F03,analysis-output,Working/review asset; author selection open,"Structural coverage, first detection and the effect of sampled cadence. Preserve distinct populations, normalization and restart boundaries; sampled recurrence is not lifetime.",F03,Catalog copy; source remains authoritative
early_earth_analysis_v2/figures/review_v1/F03.png,early_earth_analysis_v2/figures/review_v1/F03.png,early_earth_analysis_v2/figures/review_v1/F03.png,03_scale_discovery_and_sampling/analysis-figures-review_v1__F03.png,dd46fc022132bd6c825e58e0082df69549e611428a6b531da623c380d3a52346,85589,png,03_scale_discovery_and_sampling,"Scale, discovery and sampling",F03,analysis-output,Working/review asset; author selection open,"Structural coverage, first detection and the effect of sampled cadence. Preserve distinct populations, normalization and restart boundaries; sampled recurrence is not lifetime.",F03,Catalog copy; source remains authoritative
early_earth_analysis_v2/figures/review_v1/F04.pdf,early_earth_analysis_v2/figures/review_v1/F04.pdf,early_earth_analysis_v2/figures/review_v1/F04.pdf,04_quench_and_fragment_size/analysis-figures-review_v1__F04.pdf,c27913a3f41e85098f1cb71c9563f5666587d3f45a91a6f56ab44ef924463b1c,15518,pdf,04_quench_and_fragment_size,Quench and fragment size,F04,analysis-output,Working/review asset; author selection open,"Paired hot/quench sizes and connectivity examples, including heavy-atom alternatives. Production endpoints are independent 25-fs quenches; historical shared-412 comparisons use 250-fs endpoints. Author selection remains open.",F04,Catalog copy; source remains authoritative
early_earth_analysis_v2/figures/review_v1/F04.png,early_earth_analysis_v2/figures/review_v1/F04.png,early_earth_analysis_v2/figures/review_v1/F04.png,04_quench_and_fragment_size/analysis-figures-review_v1__F04.png,4162e0b1cfd5c1bd6580ccc46bcbf0f999af32a236d7f114633e99ba420ead52,75224,png,04_quench_and_fragment_size,Quench and fragment size,F04,analysis-output,Working/review asset; author selection open,"Paired hot/quench sizes and connectivity examples, including heavy-atom alternatives. Production endpoints are independent 25-fs quenches; historical shared-412 comparisons use 250-fs endpoints. Author selection remains open.",F04,Catalog copy; source remains authoritative
early_earth_analysis_v2/figures/sampling_time/F06.pdf,early_earth_analysis_v2/figures/sampling_time/F06.pdf,early_earth_analysis_v2/figures/sampling_time/F06.pdf,03_scale_discovery_and_sampling/analysis-figures-sampling_time__F06.pdf,92546b79d184bf666a3e8ae346550333c89419176e8723a5f96fb706eb955187,20471,pdf,03_scale_discovery_and_sampling,"Scale, discovery and sampling",F06,analysis-output,Working/review asset; author selection open,"Structural coverage, first detection and the effect of sampled cadence. Preserve distinct populations, normalization and restart boundaries; sampled recurrence is not lifetime.",F06,Catalog copy; source remains authoritative
early_earth_analysis_v2/figures/sampling_time/F06.png,early_earth_analysis_v2/figures/sampling_time/F06.png,early_earth_analysis_v2/figures/sampling_time/F06.png,03_scale_discovery_and_sampling/analysis-figures-sampling_time__F06.png,c901d3c2ed8181d78454b6636476eda98c7b7ee5f037262054d786c1eeeb9781,199101,png,03_scale_discovery_and_sampling,"Scale, discovery and sampling",F06,analysis-output,Working/review asset; author selection open,"Structural coverage, first detection and the effect of sampled cadence. Preserve distinct populations, normalization and restart boundaries; sampled recurrence is not lifetime.",F06,Catalog copy; source remains authoritative
paper-early-earth-chemistry-hero-run/figures/mol_before-after_quench.png,paper-early-earth-chemistry-hero-run/figures/mol_before-after_quench.png,paper-early-earth-chemistry-hero-run/figures/mol_before-after_quench.png,04_quench_and_fragment_size/manuscript__mol_before-after_quench.png,5420dcd535c8f695a95c5cd928ace2692c9ffe14c111c04d61f7ba09200ff201,105967,png,04_quench_and_fragment_size,Quench and fragment size,,manuscript-build-input,Manuscript build input; current selection varies,"Paired hot/quench sizes and connectivity examples, including heavy-atom alternatives. Production endpoints are independent 25-fs quenches; historical shared-412 comparisons use 250-fs endpoints. Author selection remains open.",mol before-after quench,Catalog copy; source remains authoritative
paper-early-earth-chemistry-hero-run/figures/named_mols_before-after_quench.png,paper-early-earth-chemistry-hero-run/figures/named_mols_before-after_quench.png,paper-early-earth-chemistry-hero-run/figures/named_mols_before-after_quench.png,04_quench_and_fragment_size/manuscript__named_mols_before-after_quench.png,6b25fc2d07f567e3c55bdd99824d08ef202f385cbab5a83a6ac427d95b3b464a,474004,png,04_quench_and_fragment_size,Quench and fragment size,,manuscript-build-input,Manuscript build input; current selection varies,"Paired hot/quench sizes and connectivity examples, including heavy-atom alternatives. Production endpoints are independent 25-fs quenches; historical shared-412 comparisons use 250-fs endpoints. Author selection remains open.",named mols before-after quench,Catalog copy; source remains authoritative
paper-early-earth-chemistry-hero-run/figures/new_415_quench_formula_vs_frame.png,paper-early-earth-chemistry-hero-run/figures/new_415_quench_formula_vs_frame.png,paper-early-earth-chemistry-hero-run/figures/new_415_quench_formula_vs_frame.png,04_quench_and_fragment_size/manuscript__new_415_quench_formula_vs_frame.png,b8dfece0bd32ed37a9d8d9ef8e82a686934528d5cb148db6121bf187ef1ff063,186690,png,04_quench_and_fragment_size,Quench and fragment size,,manuscript-build-input,Manuscript build input; current selection varies,"Paired hot/quench sizes and connectivity examples, including heavy-atom alternatives. Production endpoints are independent 25-fs quenches; historical shared-412 comparisons use 250-fs endpoints. Author selection remains open.",new 415 quench formula vs frame,Catalog copy; source remains authoritative
paper-early-earth-chemistry-hero-run/figures/new_415_violins.png,paper-early-earth-chemistry-hero-run/figures/new_415_violins.png,paper-early-earth-chemistry-hero-run/figures/new_415_violins.png,90_historical_and_other_context/manuscript__new_415_violins.png,3777b422b4bc6e50db67473915ec872abb571d121974ff82ac27debe6436570d,100478,png,90_historical_and_other_context,Historical and other context,,manuscript-build-input,Manuscript build input; current selection varies,Retained dissertation/ANI/model-context figures and retired HTML views. Their original scope is preserved; they are not automatically current Early Earth manuscript evidence.,new 415 violins,Catalog copy; source remains authoritative
paper-early-earth-chemistry-hero-run/figures/placed/228000-after.png,paper-early-earth-chemistry-hero-run/figures/placed/228000-after.png,paper-early-earth-chemistry-hero-run/figures/placed/228000-after.png,07_development_systems/manuscript-placed__228000-after.png,ec4d579410b1226e977f507dbb51d10bc9b281ee8488631b2d55c177f5e1276f,1952412,png,07_development_systems,Development systems,S04,manuscript-build-input,Manuscript build input; current selection varies,"228/228k starting and evolved system views. Figure S1 provides illustrative development context, not molecular-identification evidence.",228000-after,Catalog copy; source remains authoritative
paper-early-earth-chemistry-hero-run/figures/placed/228000-start.png,paper-early-earth-chemistry-hero-run/figures/placed/228000-start.png,paper-early-earth-chemistry-hero-run/figures/placed/228000-start.png,07_development_systems/manuscript-placed__228000-start.png,4e88a9051a08f7641caa7bed9aed94976b3be919ba2a52339b9157429d581b63,2007458,png,07_development_systems,Development systems,S04,manuscript-build-input,Manuscript build input; current selection varies,"228/228k starting and evolved system views. Figure S1 provides illustrative development context, not molecular-identification evidence.",228000-start,Catalog copy; source remains authoritative
paper-early-earth-chemistry-hero-run/figures/placed/228_kin_e.png,paper-early-earth-chemistry-hero-run/figures/placed/228_kin_e.png,paper-early-earth-chemistry-hero-run/figures/placed/228_kin_e.png,01_energy_evolution/manuscript-placed__228_kin_e.png,aa28ce3900fbb95249f2ecc574d2a912741057a198c2cf5d6d3db5347855fc7a,63974,png,01_energy_evolution,Energy evolution,,manuscript-build-input,Manuscript build input; current selection varies,"Energetic evolution through heating, the high-temperature interval and cooling. F09 is source-bound, but the historical displayed-axis transformation remains unresolved; do not compare it numerically with reconstructed raw totals.",228 kin e,Catalog copy; source remains authoritative
paper-early-earth-chemistry-hero-run/figures/placed/228_pot_eng.png,paper-early-earth-chemistry-hero-run/figures/placed/228_pot_eng.png,paper-early-earth-chemistry-hero-run/figures/placed/228_pot_eng.png,01_energy_evolution/manuscript-placed__228_pot_eng.png,e2e2fa11f195761688f5f48e031079fc4acb24732b36849564b818ca0a0dcdb2,137849,png,01_energy_evolution,Energy evolution,F09,manuscript-build-input,Manuscript build input; current selection varies,"Energetic evolution through heating, the high-temperature interval and cooling. F09 is source-bound, but the historical displayed-axis transformation remains unresolved; do not compare it numerically with reconstructed raw totals.",228 pot eng,Catalog copy; source remains authoritative
paper-early-earth-chemistry-hero-run/figures/placed/228_tot_eng.png,paper-early-earth-chemistry-hero-run/figures/placed/228_tot_eng.png,paper-early-earth-chemistry-hero-run/figures/placed/228_tot_eng.png,01_energy_evolution/manuscript-placed__228_tot_eng.png,ece74b7025f43a242090ca651d86e50d51ec32e48b64a46c57b760cec9cc4dae,115884,png,01_energy_evolution,Energy evolution,,manuscript-build-input,Manuscript build input; current selection varies,"Energetic evolution through heating, the high-temperature interval and cooling. F09 is source-bound, but the historical displayed-axis transformation remains unresolved; do not compare it numerically with reconstructed raw totals.",228 tot eng,Catalog copy; source remains authoritative
paper-early-earth-chemistry-hero-run/figures/placed/96_atom_2d.png,paper-early-earth-chemistry-hero-run/figures/placed/96_atom_2d.png,paper-early-earth-chemistry-hero-run/figures/placed/96_atom_2d.png,04_quench_and_fragment_size/manuscript-placed__96_atom_2d.png,1c71589cf9d1f4e7016009633f7de8191300c45ef7ac6a560223c8c8daf3d320,205812,png,04_quench_and_fragment_size,Quench and fragment size,,manuscript-build-input,Manuscript build input; current selection varies,"Paired hot/quench sizes and connectivity examples, including heavy-atom alternatives. Production endpoints are independent 25-fs quenches; historical shared-412 comparisons use 250-fs endpoints. Author selection remains open.",96 atom 2d,Catalog copy; source remains authoritative
paper-early-earth-chemistry-hero-run/figures/placed/96_atom_3d.png,paper-early-earth-chemistry-hero-run/figures/placed/96_atom_3d.png,paper-early-earth-chemistry-hero-run/figures/placed/96_atom_3d.png,04_quench_and_fragment_size/manuscript-placed__96_atom_3d.png,d25611ebc8d5ff0a5f151bb0d42348833a03c64484466cde90f3ce6cfafed309,177206,png,04_quench_and_fragment_size,Quench and fragment size,,manuscript-build-input,Manuscript build input; current selection varies,"Paired hot/quench sizes and connectivity examples, including heavy-atom alternatives. Production endpoints are independent 25-fs quenches; historical shared-412 comparisons use 250-fs endpoints. Author selection remains open.",96 atom 3d,Catalog copy; source remains authoritative
paper-early-earth-chemistry-hero-run/figures/placed/alanine_dihedrals_updated.png,paper-early-earth-chemistry-hero-run/figures/placed/alanine_dihedrals_updated.png,paper-early-earth-chemistry-hero-run/figures/placed/alanine_dihedrals_updated.png,02_alanine_and_conformations/manuscript-placed__alanine_dihedrals_updated.png,39aa8c98e718244268d8eba35e45c6aeba7826a4bf789f45957d2b17587d939d,145213,png,02_alanine_and_conformations,Alanine and conformations,F10,manuscript-build-input,Manuscript build input; current selection varies,"Alanine orientation, improper torsion and coordinate illustrations. F10 reproduces the 438,986-structure population and modes; it does not assign absolute stereochemistry, equilibrium or stability.",alanine dihedrals updated,Catalog copy; source remains authoritative
paper-early-earth-chemistry-hero-run/figures/placed/dihedral_alanine.png,paper-early-earth-chemistry-hero-run/figures/placed/dihedral_alanine.png,paper-early-earth-chemistry-hero-run/figures/placed/dihedral_alanine.png,02_alanine_and_conformations/manuscript-placed__dihedral_alanine.png,504deae41e9da0c6f3e003c2bdf418088ce44942799de5fc11d59fb55bf5fc14,900478,png,02_alanine_and_conformations,Alanine and conformations,F10,manuscript-build-input,Manuscript build input; current selection varies,"Alanine orientation, improper torsion and coordinate illustrations. F10 reproduces the 438,986-structure population and modes; it does not assign absolute stereochemistry, equilibrium or stability.",dihedral alanine,Catalog copy; source remains authoritative
paper-early-earth-chemistry-hero-run/figures/placed/updated_largest_mol_vs_time.png,paper-early-earth-chemistry-hero-run/figures/placed/updated_largest_mol_vs_time.png,paper-early-earth-chemistry-hero-run/figures/placed/updated_largest_mol_vs_time.png,04_quench_and_fragment_size/manuscript-placed__updated_largest_mol_vs_time.png,af6fb175f10e90daa1d418552a846f256a032617f1e73176d46c0e3509ff120d,292497,png,04_quench_and_fragment_size,Quench and fragment size,,manuscript-build-input,Manuscript build input; current selection varies,"Paired hot/quench sizes and connectivity examples, including heavy-atom alternatives. Production endpoints are independent 25-fs quenches; historical shared-412 comparisons use 250-fs endpoints. Author selection remains open.",updated largest mol vs time,Catalog copy; source remains authoritative
paper-early-earth-chemistry-hero-run/figures/placed/updated_original_counts.png,paper-early-earth-chemistry-hero-run/figures/placed/updated_original_counts.png,paper-early-earth-chemistry-hero-run/figures/placed/updated_original_counts.png,04_quench_and_fragment_size/manuscript-placed__updated_original_counts.png,04a3ea44fc99a1ed16b6be898176ca354cdcfab9c6c7051b80b300264853bf03,162454,png,04_quench_and_fragment_size,Quench and fragment size,,manuscript-build-input,Manuscript build input; current selection varies,"Paired hot/quench sizes and connectivity examples, including heavy-atom alternatives. Production endpoints are independent 25-fs quenches; historical shared-412 comparisons use 250-fs endpoints. Author selection remains open.",updated original counts,Catalog copy; source remains authoritative
paper-early-earth-chemistry-hero-run/figures/quench_formula_vs_frame.png,paper-early-earth-chemistry-hero-run/figures/quench_formula_vs_frame.png,paper-early-earth-chemistry-hero-run/figures/quench_formula_vs_frame.png,04_quench_and_fragment_size/manuscript__quench_formula_vs_frame.png,e487625ac77dc9bd10d436a0d03f10125d090cd6bcd2ed6d00057715a3dc54bd,179774,png,04_quench_and_fragment_size,Quench and fragment size,,manuscript-build-input,Manuscript build input; current selection varies,"Paired hot/quench sizes and connectivity examples, including heavy-atom alternatives. Production endpoints are independent 25-fs quenches; historical shared-412 comparisons use 250-fs endpoints. Author selection remains open.",quench formula vs frame,Catalog copy; source remains authoritative
paper-early-earth-chemistry-hero-run/figures/steps_vs_temp_quench.png,paper-early-earth-chemistry-hero-run/figures/steps_vs_temp_quench.png,paper-early-earth-chemistry-hero-run/figures/steps_vs_temp_quench.png,01_energy_evolution/manuscript__steps_vs_temp_quench.png,a86af85c3c52e7f7af0c39d105d0c6b66216fdb1807faeafc52a7f34d49ca962,105497,png,01_energy_evolution,Energy evolution,,manuscript-build-input,Manuscript build input; current selection varies,"Energetic evolution through heating, the high-temperature interval and cooling. F09 is source-bound, but the historical displayed-axis transformation remains unresolved; do not compare it numerically with reconstructed raw totals.",steps vs temp quench,Catalog copy; source remains authoritative
paper-early-earth-chemistry-hero-run/figures/unique_signature_vs_time.png,paper-early-earth-chemistry-hero-run/figures/unique_signature_vs_time.png,paper-early-earth-chemistry-hero-run/figures/unique_signature_vs_time.png,03_scale_discovery_and_sampling/manuscript__unique_signature_vs_time.png,198bf3758d2bdf66af3788e9730ed68ea1895e0498adc976193c29c6cef02922,100272,png,03_scale_discovery_and_sampling,"Scale, discovery and sampling",,manuscript-build-input,Manuscript build input; current selection varies,"Structural coverage, first detection and the effect of sampled cadence. Preserve distinct populations, normalization and restart boundaries; sampled recurrence is not lifetime.",unique signature vs time,Catalog copy; source remains authoritative
paper-early-earth-chemistry-hero-run/figures/updated_violins.png,paper-early-earth-chemistry-hero-run/figures/updated_violins.png,paper-early-earth-chemistry-hero-run/figures/updated_violins.png,90_historical_and_other_context/manuscript__updated_violins.png,76a50fe6a932954b24ae4f1910164e8697fd5aff29c309ca6c69be2e3d219a50,154080,png,90_historical_and_other_context,Historical and other context,,manuscript-build-input,Manuscript build input; current selection varies,Retained dissertation/ANI/model-context figures and retired HTML views. Their original scope is preserved; they are not automatically current Early Earth manuscript evidence.,updated violins,Catalog copy; source remains authoritative
